DBN,SCHOOL NAME,Num of SAT Test Takers,SAT Critical Reading Avg. Score 2012,SAT Math Avg. Score 2012,SAT Writing Avg. Score 2012,Total SAT Score (Out of 2400) 2012,Performance Category,math_2010,reading_2010,writing_2010,total_sat_2010,LOCATION_CODE,LOCATION_NAME,Location 1,borough,latitude,longitude
01M292,HENRY STREET SCHOOL FOR INTERNATIONAL STUDIES,29.0,355.0,404.0,363.0,1122.0,Low,425.0,391.0,385.0,1201.0,M292,Henry Street School for International Studies,"220 HENRY STREET MANHATTAN NY 10002 (40.713362, -73.986051)",MANHATTAN,40.713362,-73.986051
01M448,UNIVERSITY NEIGHBORHOOD HIGH SCHOOL,91.0,383.0,423.0,366.0,1172.0,Low,419.0,394.0,387.0,1200.0,M448,University Neighborhood High School,"200 MONROE STREET MANHATTAN NY 10002 (40.712269, -73.984128)",MANHATTAN,40.712269,-73.984128
01M450,EAST SIDE COMMUNITY SCHOOL,70.0,377.0,402.0,370.0,1149.0,Low,431.0,418.0,402.0,1251.0,M450,East Side Community School,"420 EAST 12 STREET MANHATTAN NY 10009 (40.729152, -73.982472)",MANHATTAN,40.729152,-73.982472
01M458,FORSYTH SATELLITE ACADEMY,7.0,414.0,401.0,359.0,1174.0,Low,370.0,385.0,378.0,1133.0,M458,Forsyth Satellite Academy,"198 FORSYTH STREET MANHATTAN NY 10002 (40.722415, -73.990468)",MANHATTAN,40.722415,-73.990468
01M515,LOWER EAST SIDE PREPARATORY HIGH SCHOOL,112.0,332.0,557.0,316.0,1205.0,Below Average,532.0,314.0,314.0,1160.0,M515,Lower East Side Preparatory High School,"145 STANTON STREET MANHATTAN NY 10002 (40.72004, -73.986038)",MANHATTAN,40.72004,-73.986038
01M539,"NEW EXPLORATIONS INTO SCIENCE, TECHNOLOGY AND MATH HIGH SCHOOL",159.0,522.0,574.0,525.0,1621.0,Average,583.0,568.0,568.0,1719.0,M539,"New Explorations into Science, Technology and Math","111 COLUMBIA STREET MANHATTAN NY 10002 (40.719416, -73.979581)",MANHATTAN,40.719416,-73.979581
01M650,CASCADES HIGH SCHOOL,18.0,417.0,418.0,411.0,1246.0,Below Average,401.0,411.0,401.0,1213.0,M650,Cascades High School,"198 FORSYTH STREET MANHATTAN NY 10002 (40.722415, -73.990468)",MANHATTAN,40.722415,-73.990468
01M696,BARD HIGH SCHOOL EARLY COLLEGE,130.0,624.0,604.0,628.0,1856.0,Average,608.0,630.0,630.0,1868.0,M696,Bard High School Early College,"525 EAST HOUSTON STREET MANHATTAN NY 10002 (40.718276, -73.976093)",MANHATTAN,40.718276,-73.976093
02M047,47 THE AMERICAN SIGN LANGUAGE AND ENGLISH SECONDARY SCHOOL,16.0,395.0,400.0,387.0,1182.0,Low,415.0,405.0,385.0,1205.0,M047,47 The American Sign Language and English Secondar,"223 EAST 23 STREET MANHATTAN NY 10010 (40.738374, -73.981329)",MANHATTAN,40.738374,-73.981329
02M288,FOOD AND FINANCE HIGH SCHOOL,62.0,409.0,393.0,392.0,1194.0,Low,412.0,422.0,407.0,1241.0,M288,Food and Finance High School,"525 WEST 50TH STREET MANHATTAN NY 10019 (40.765474, -73.9927)",MANHATTAN,40.765474,-73.9927
02M294,ESSEX STREET ACADEMY,53.0,394.0,384.0,378.0,1156.0,Low,364.0,382.0,366.0,1112.0,M294,Essex Street Academy,"350 GRAND STREET MANHATTAN NY 10002 (40.717329, -73.989329)",MANHATTAN,40.717329,-73.989329
02M296,HIGH SCHOOL OF HOSPITALITY MANAGEMENT,58.0,374.0,375.0,362.0,1111.0,Low,415.0,397.0,391.0,1203.0,M296,High School of Hospitality Management,"525 WEST 50TH STREET MANHATTAN NY 10019 (40.765474, -73.9927)",MANHATTAN,40.765474,-73.9927
02M298,PACE HIGH SCHOOL,85.0,423.0,438.0,432.0,1293.0,Below Average,448.0,424.0,423.0,1295.0,M298,Pace High School,"100 HESTER STREET MANHATTAN NY 10002 (40.716231, -73.993607)",MANHATTAN,40.716231,-73.993607
02M300,"URBAN ASSEMBLY SCHOOL OF DESIGN AND CONSTRUCTION, THE",48.0,404.0,449.0,416.0,1269.0,Below Average,446.0,405.0,415.0,1266.0,M300,"Urban Assembly School of Design and Construction,","525 WEST 50TH STREET MANHATTAN NY 10019 (40.765474, -73.9927)",MANHATTAN,40.765474,-73.9927
02M303,"FACING HISTORY SCHOOL, THE",76.0,353.0,358.0,340.0,1051.0,Low,373.0,381.0,377.0,1131.0,M303,"Facing History School, The","525 WEST 50TH STREET MANHATTAN NY 10019 (40.765474, -73.9927)",MANHATTAN,40.765474,-73.9927
02M305,"URBAN ASSEMBLY ACADEMY OF GOVERNMENT AND LAW, THE",50.0,375.0,388.0,385.0,1148.0,Low,406.0,411.0,411.0,1228.0,M305,"Urban Assembly Academy of Government and Law, The","350 GRAND STREET MANHATTAN NY 10002 (40.717329, -73.989329)",MANHATTAN,40.717329,-73.989329
02M308,LOWER MANHATTAN ARTS ACADEMY,40.0,403.0,392.0,405.0,1200.0,Low,381.0,409.0,412.0,1202.0,M308,Lower Manhattan Arts Academy,"350 GRAND STREET MANHATTAN NY 10002 (40.717329, -73.989329)",MANHATTAN,40.717329,-73.989329
02M313,"JAMES BALDWIN SCHOOL, THE: A SCHOOL FOR EXPEDITIONARY LEARNING",69.0,408.0,390.0,390.0,1188.0,Low,419.0,421.0,394.0,1234.0,M313,"James Baldwin School, The: A School for Expedition","351 WEST 18 STREET MANHATTAN NY 10011 (40.743407, -74.00254)",MANHATTAN,40.743407,-74.00254
02M316,"URBAN ASSEMBLY SCHOOL OF BUSINESS FOR YOUNG WOMEN, THE",42.0,373.0,370.0,384.0,1127.0,Low,409.0,401.0,391.0,1201.0,M316,"Urban Assembly School of Business for Young Women,","26 BROADWAY MANHATTAN NY 10004 (40.705688, -74.013303)",MANHATTAN,40.705688,-74.013303
02M374,GRAMERCY ARTS HIGH SCHOOL,60.0,391.0,391.0,394.0,1176.0,Low,376.0,395.0,386.0,1157.0,M374,Gramercy Arts High School,"40 IRVING PLACE MANHATTAN NY 10003 (40.735361, -73.987064)",MANHATTAN,40.735361,-73.987064
02M400,HIGH SCHOOL FOR ENVIRONMENTAL STUDIES,263.0,465.0,493.0,461.0,1419.0,Below Average,480.0,465.0,448.0,1393.0,M400,High School for Environmental Studies,"444 WEST 56 STREET MANHATTAN NY 10019 (40.767848, -73.98861)",MANHATTAN,40.767848,-73.98861
02M407,INSTITUTE FOR COLLABORATIVE EDUCATION,54.0,492.0,465.0,467.0,1424.0,Below Average,478.0,484.0,472.0,1434.0,M407,Institute for Collaborative Education,"345 EAST 15TH STREET MANHATTAN NY 10003 (40.732665, -73.98259)",MANHATTAN,40.732665,-73.98259
02M408,PROFESSIONAL PERFORMING ARTS HIGH SCHOOL,94.0,509.0,490.0,523.0,1522.0,Below Average,465.0,495.0,499.0,1459.0,M408,Professional Performing Arts High School,"328 WEST 48 STREET MANHATTAN NY 10036 (40.761327, -73.988665)",MANHATTAN,40.761327,-73.988665
02M411,BARUCH COLLEGE CAMPUS HIGH SCHOOL,104.0,496.0,563.0,518.0,1577.0,Below Average,583.0,523.0,528.0,1634.0,M411,Baruch College Campus High School,"55 EAST 25 STREET MANHATTAN NY 10010 (40.741888, -73.985723)",MANHATTAN,40.741888,-73.985723
02M412,N.Y.C. LAB SCHOOL FOR COLLABORATIVE STUDIES,114.0,537.0,590.0,550.0,1677.0,Average,597.0,561.0,567.0,1725.0,M412,N.Y.C. Lab School for Collaborative Studies,"333 WEST 17 STREET MANHATTAN NY 10011 (40.742512, -74.002222)",MANHATTAN,40.742512,-74.002222
02M413,SCHOOL OF THE FUTURE HIGH SCHOOL,66.0,517.0,533.0,515.0,1565.0,Below Average,488.0,475.0,466.0,1429.0,M413,School of the Future High School,"127 EAST 22 STREET MANHATTAN NY 10010 (40.739121, -73.985323)",MANHATTAN,40.739121,-73.985323
02M414,N.Y.C. MUSEUM SCHOOL,103.0,468.0,492.0,459.0,1419.0,Below Average,448.0,454.0,435.0,1337.0,M414,N.Y.C. Museum School,"333 WEST 17 STREET MANHATTAN NY 10011 (40.742512, -74.002222)",MANHATTAN,40.742512,-74.002222
02M416,ELEANOR ROOSEVELT HIGH SCHOOL,127.0,572.0,594.0,592.0,1758.0,Average,596.0,555.0,567.0,1718.0,M416,Eleanor Roosevelt High School,"411 EAST 76 STREET MANHATTAN NY 10021 (40.770288, -73.953276)",MANHATTAN,40.770288,-73.953276
02M418,MILLENNIUM HIGH SCHOOL,144.0,528.0,553.0,533.0,1614.0,Average,554.0,512.0,523.0,1589.0,M418,Millennium High School,"75 BROAD STREET MANHATTAN NY 10004 (40.704697, -74.011202)",MANHATTAN,40.704697,-74.011202
02M419,LANDMARK HIGH SCHOOL,62.0,390.0,399.0,381.0,1170.0,Low,370.0,369.0,359.0,1098.0,M419,Landmark High School,"351 WEST 18 STREET MANHATTAN NY 10011 (40.743407, -74.00254)",MANHATTAN,40.743407,-74.00254
02M420,HIGH SCHOOL FOR HEALTH PROFESSIONS AND HUMAN SERVICES,336.0,429.0,449.0,428.0,1306.0,Below Average,458.0,446.0,440.0,1344.0,M420,High School for Health Professions and Human Servi,"345 EAST 15TH STREET MANHATTAN NY 10003 (40.732665, -73.98259)",MANHATTAN,40.732665,-73.98259
02M425,LEADERSHIP AND PUBLIC SERVICE HIGH SCHOOL,84.0,416.0,426.0,391.0,1233.0,Below Average,429.0,419.0,406.0,1254.0,M425,Leadership and Public Service High School,"90 TRINITY PLACE MANHATTAN NY 10006 (40.708971, -74.012465)",MANHATTAN,40.708971,-74.012465
02M429,LEGACY SCHOOL FOR INTEGRATED STUDIES,29.0,356.0,357.0,349.0,1062.0,Low,356.0,379.0,354.0,1089.0,M429,Legacy School for Integrated Studies,"34 WEST 14 STREET MANHATTAN NY 10011 (40.736416, -73.995731)",MANHATTAN,40.736416,-73.995731
02M439,MANHATTAN VILLAGE ACADEMY,95.0,441.0,473.0,458.0,1372.0,Below Average,479.0,465.0,472.0,1416.0,M439,Manhattan Village Academy,"43 WEST 22 STREET MANHATTAN NY 10010 (40.741963, -73.991966)",MANHATTAN,40.741963,-73.991966
02M440,BAYARD RUSTIN EDUCATIONAL COMPLEX,59.0,378.0,365.0,368.0,1111.0,Low,394.0,387.0,379.0,1160.0,M440,,,,,
02M449,VANGUARD HIGH SCHOOL,72.0,395.0,416.0,388.0,1199.0,Low,395.0,367.0,373.0,1135.0,M449,Vanguard High School,"317 EAST 67 STREET MANHATTAN NY 10065 (40.765638, -73.959777)",MANHATTAN,40.765638,-73.959777
02M459,MANHATTAN INTERNATIONAL HIGH SCHOOL,49.0,376.0,460.0,391.0,1227.0,Below Average,463.0,418.0,415.0,1296.0,M459,Manhattan International High School,"317 EAST 67 STREET MANHATTAN NY 10065 (40.765638, -73.959777)",MANHATTAN,40.765638,-73.959777
02M460,WASHINGTON IRVING HIGH SCHOOL,151.0,373.0,387.0,360.0,1120.0,Low,385.0,381.0,368.0,1134.0,M460,Washington Irving High School,"40 IRVING PLACE MANHATTAN NY 10003 (40.735361, -73.987064)",MANHATTAN,40.735361,-73.987064
02M475,STUYVESANT HIGH SCHOOL,832.0,679.0,735.0,682.0,2096.0,High,735.0,674.0,678.0,2087.0,M475,Stuyvesant High School,"345 CHAMBERS STREET MANHATTAN NY 10282 (40.718025, -74.013921)",MANHATTAN,40.718025,-74.013921
02M489,HIGH SCHOOL OF ECONOMICS AND FINANCE,167.0,443.0,489.0,442.0,1374.0,Below Average,503.0,451.0,453.0,1407.0,M489,High School of Economics and Finance,"100 TRINITY PLACE MANHATTAN NY 10006 (40.70927, -74.012328)",MANHATTAN,40.70927,-74.012328
02M500,UNITY CENTER FOR URBAN TECHNOLOGIES,25.0,370.0,349.0,351.0,1070.0,Low,369.0,371.0,368.0,1108.0,M500,Unity Center for Urban Technologies,"111 EAST 33RD STREET MANHATTAN NY 10016 (40.74651, -73.98107)",MANHATTAN,40.74651,-73.98107
02M519,TALENT UNLIMITED HIGH SCHOOL,81.0,469.0,472.0,475.0,1416.0,Below Average,454.0,465.0,461.0,1380.0,M519,Talent Unlimited High School,"317 EAST 67 STREET MANHATTAN NY 10065 (40.765638, -73.959777)",MANHATTAN,40.765638,-73.959777
02M520,MURRY BERGTRAUM HIGH SCHOOL FOR BUSINESS CAREERS,264.0,407.0,440.0,393.0,1240.0,Below Average,439.0,411.0,396.0,1246.0,M520,Murry Bergtraum High School for Business Careers,"411 PEARL STREET MANHATTAN NY 10038 (40.711441, -74.000851)",MANHATTAN,40.711441,-74.000851
02M529,JACQUELINE KENNEDY ONASSIS HIGH SCHOOL,131.0,414.0,425.0,400.0,1239.0,Below Average,424.0,420.0,398.0,1242.0,M529,Jacqueline Kennedy Onassis High School,"120 WEST 46 STREET MANHATTAN NY 10036 (40.757626, -73.98346)",MANHATTAN,40.757626,-73.98346
02M531,REPERTORY COMPANY HIGH SCHOOL FOR THEATRE ARTS,42.0,429.0,404.0,420.0,1253.0,Below Average,405.0,415.0,397.0,1217.0,M531,Repertory Company High School for Theatre Arts,"123 WEST 43 STREET MANHATTAN NY 10036 (40.756089, -73.984381)",MANHATTAN,40.756089,-73.984381
02M542,MANHATTAN BRIDGES HIGH SCHOOL,66.0,336.0,378.0,344.0,1058.0,Low,380.0,345.0,325.0,1050.0,M542,Manhattan Bridges High School,"525 WEST 50TH STREET MANHATTAN NY 10019 (40.765474, -73.9927)",MANHATTAN,40.765474,-73.9927
02M543,NEW DESIGN HIGH SCHOOL,73.0,391.0,395.0,382.0,1168.0,Low,385.0,390.0,387.0,1162.0,M543,New Design High School,"350 GRAND STREET MANHATTAN NY 10002 (40.717329, -73.989329)",MANHATTAN,40.717329,-73.989329
02M544,INDEPENDENCE HIGH SCHOOL,14.0,389.0,371.0,335.0,1095.0,Low,419.0,404.0,395.0,1218.0,M544,Independence High School,"850 10TH AVENUE MANHATTAN NY 10019 (40.767848, -73.98861)",MANHATTAN,40.767848,-73.98861
02M545,HIGH SCHOOL FOR DUAL LANGUAGE AND ASIAN STUDIES,78.0,412.0,581.0,431.0,1424.0,Below Average,612.0,416.0,419.0,1447.0,M545,High School for Dual Language and Asian Studies,"350 GRAND STREET MANHATTAN NY 10002 (40.717329, -73.989329)",MANHATTAN,40.717329,-73.989329
02M550,LIBERTY HIGH SCHOOL ACADEMY FOR NEWCOMERS,26.0,368.0,436.0,352.0,1156.0,Low,465.0,343.0,362.0,1170.0,M550,Liberty High School Academy for Newcomers,"250 WEST 18 STREET MANHATTAN NY 10011 (40.74182, -74.000238)",MANHATTAN,40.74182,-74.000238
02M551,THE URBAN ASSEMBLY NEW YORK HARBOR SCHOOL,77.0,405.0,423.0,384.0,1212.0,Below Average,369.0,372.0,368.0,1109.0,M551,Urban Assembly New York Harbor School,"10 SOUTH STREET, SLIP 7 MANHATTAN NY 10004 (40.689493, -74.018941)",MANHATTAN,40.689493,-74.018941
02M560,HIGH SCHOOL M560 s CITY AS SCHOOL,56.0,498.0,440.0,477.0,1415.0,Below Average,441.0,468.0,434.0,1343.0,M560,High School M560 - City As School,"16 CLARKSON STREET MANHATTAN NY 10014 (40.729052, -74.006155)",MANHATTAN,40.729052,-74.006155
02M565,URBAN ACADEMY LABORATORY HIGH SCHOOL,30.0,527.0,508.0,512.0,1547.0,Below Average,460.0,513.0,502.0,1475.0,M565,Urban Academy Laboratory High School,"317 EAST 67 STREET MANHATTAN NY 10065 (40.765638, -73.959777)",MANHATTAN,40.765638,-73.959777
02M570,SATELLITE ACADEMY HIGH SCHOOL,33.0,350.0,337.0,345.0,1032.0,Low,336.0,400.0,376.0,1112.0,M570,Satellite Academy High School,"120 WEST 30 STREET MANHATTAN NY 10001 (40.747425, -73.990562)",MANHATTAN,40.747425,-73.990562
02M575,MANHATTAN COMPREHENSIVE NIGHT AND DAY HIGH SCHOOL,121.0,345.0,517.0,343.0,1205.0,Below Average,475.0,355.0,339.0,1169.0,M575,Manhattan Comprehensive Night and Day High School,"240 2 AVENUE MANHATTAN NY 10003 (40.732699, -73.984333)",MANHATTAN,40.732699,-73.984333
02M580,RICHARD R. GREEN HIGH SCHOOL OF TEACHING,84.0,408.0,384.0,403.0,1195.0,Low,429.0,425.0,419.0,1273.0,M580,Richard R. Green High School of Teaching,"26 BROADWAY MANHATTAN NY 10004 (40.705688, -74.013303)",MANHATTAN,40.705688,-74.013303
02M586,HARVEY MILK HIGH SCHOOL,9.0,458.0,416.0,429.0,1303.0,Below Average,382.0,429.0,416.0,1227.0,M586,Harvey Milk High School,"2-10 ASTOR PLACE MANHATTAN NY 10003 (40.729661, -73.992343)",MANHATTAN,40.729661,-73.992343
02M600,THE HIGH SCHOOL OF FASHION INDUSTRIES,335.0,423.0,423.0,411.0,1257.0,Below Average,420.0,419.0,413.0,1252.0,M600,The High School of Fashion Industries,"225 WEST 24 STREET MANHATTAN NY 10011 (40.745677, -73.996354)",MANHATTAN,40.745677,-73.996354
02M605,HUMANITIES PREPARATORY ACADEMY,36.0,426.0,403.0,426.0,1255.0,Below Average,405.0,433.0,417.0,1255.0,M605,Humanities Preparatory Academy,"351 WEST 18 STREET MANHATTAN NY 10011 (40.743407, -74.00254)",MANHATTAN,40.743407,-74.00254
02M615,CHELSEA CAREER AND TECHNICAL EDUCATION HIGH SCHOOL,83.0,399.0,418.0,390.0,1207.0,Below Average,412.0,393.0,376.0,1181.0,M615,Chelsea Career and Technical Education High School,"131 AVENUE OF THE AMERICAS MANHATTAN NY 10013 (40.72463, -74.005058)",MANHATTAN,40.72463,-74.005058
02M620,NORMAN THOMAS HIGH SCHOOL,154.0,370.0,379.0,359.0,1108.0,Low,387.0,378.0,370.0,1135.0,M620,Norman Thomas High School,"111 EAST 33RD STREET MANHATTAN NY 10016 (40.74651, -73.98107)",MANHATTAN,40.74651,-73.98107
02M625,HIGH SCHOOL OF GRAPHIC COMMUNICATION ARTS,191.0,395.0,382.0,376.0,1153.0,Low,378.0,370.0,360.0,1108.0,M625,High School of Graphic Communication Arts,"439 WEST 49TH STREET MANHATTAN NY 10019 (40.763655, -73.990318)",MANHATTAN,40.763655,-73.990318
02M630,ART AND DESIGN HIGH SCHOOL,270.0,444.0,441.0,430.0,1315.0,Below Average,423.0,427.0,418.0,1268.0,M630,Art and Design High School,"231-249 EAST 56 STREET MANHATTAN NY 10019 (40.759248, -73.967204)",MANHATTAN,40.759248,-73.967204
02M655,LIFE SCIENCES SECONDARY SCHOOL,61.0,409.0,424.0,403.0,1236.0,Below Average,389.0,399.0,383.0,1171.0,M655,Life Sciences Secondary School,"320 EAST 96 STREET MANHATTAN NY 10128 (40.783286, -73.945933)",MANHATTAN,40.783286,-73.945933
03M283,MANHATTAN THEATRE LAB HIGH SCHOOL,27.0,406.0,379.0,408.0,1193.0,Low,378.0,406.0,391.0,1175.0,M283,Manhattan Theatre Lab High School,"122 AMSTERDAM AVENUE MANHATTAN NY 10023 (40.774891, -73.985608)",MANHATTAN,40.774891,-73.985608
03M299,"HIGH SCHOOL FOR ARTS, IMAGINATION AND INQUIRY",49.0,374.0,384.0,374.0,1132.0,Low,378.0,364.0,357.0,1099.0,M299,"High School for Arts, Imagination and Inquiry","122 AMSTERDAM AVENUE MANHATTAN NY 10023 (40.774891, -73.985608)",MANHATTAN,40.774891,-73.985608
03M307,"URBAN ASSEMBLY SCHOOL FOR MEDIA STUDIES, THE",41.0,384.0,390.0,370.0,1144.0,Low,363.0,374.0,377.0,1114.0,M307,"Urban Assembly School for Media Studies, The","122 AMSTERDAM AVENUE MANHATTAN NY 10023 (40.774891, -73.985608)",MANHATTAN,40.774891,-73.985608
03M415,WADLEIGH SECONDARY SCHOOL FOR THE PERFORMING & VISUAL ARTS,32.0,371.0,368.0,370.0,1109.0,Low,373.0,376.0,371.0,1120.0,M415,Wadleigh Secondary School for the Performing & Vis,"215 WEST 114 STREET MANHATTAN NY 10026 (40.80261, -73.954152)",MANHATTAN,40.80261,-73.954152
03M470,LOUIS D. BRANDEIS HIGH SCHOOL,131.0,370.0,390.0,358.0,1118.0,Low,357.0,357.0,345.0,1059.0,M470,,,,,
03M479,BEACON HIGH SCHOOL,261.0,577.0,575.0,592.0,1744.0,Average,563.0,573.0,575.0,1711.0,M479,Beacon High School,"227-243 WEST 61ST STREET MANHATTAN NY 10023 (40.772608, -73.988338)",MANHATTAN,40.772608,-73.988338
03M485,FIORELLO H. LAGUARDIA HIGH SCHOOL OF MUSIC & ART AND PERFORMING ARTS,531.0,566.0,564.0,577.0,1707.0,Average,555.0,558.0,567.0,1680.0,M485,Fiorello H. LaGuardia High School of Music & Art a,"100 AMSTERDAM AVENUE MANHATTAN NY 10023 (40.774202, -73.985976)",MANHATTAN,40.774202,-73.985976
03M494,HIGH SCHOOL OF ARTS AND TECHNOLOGY,75.0,433.0,433.0,411.0,1277.0,Below Average,425.0,407.0,397.0,1229.0,M494,High School of Arts and Technology,"122 AMSTERDAM AVENUE MANHATTAN NY 10023 (40.774891, -73.985608)",MANHATTAN,40.774891,-73.985608
03M505,EDWARD A. REYNOLDS WEST SIDE HIGH SCHOOL,35.0,401.0,369.0,351.0,1121.0,Low,407.0,410.0,388.0,1205.0,M505,Edward A. Reynolds West Side High School,"140 WEST 102 STREET MANHATTAN NY 10025 (40.797136, -73.966779)",MANHATTAN,40.797136,-73.966779
03M541,MANHATTAN / HUNTER SCIENCE HIGH SCHOOL,111.0,473.0,506.0,467.0,1446.0,Below Average,525.0,481.0,469.0,1475.0,M541,Manhattan / Hunter Science High School,"122 AMSTERDAM AVENUE MANHATTAN NY 10023 (40.774891, -73.985608)",MANHATTAN,40.774891,-73.985608
03M860,FREDERICK DOUGLASS ACADEMY II SECONDARY SCHOOL,43.0,356.0,379.0,361.0,1096.0,Low,410.0,414.0,406.0,1230.0,M860,Frederick Douglass Academy II Secondary School,"215 WEST 114 STREET MANHATTAN NY 10026 (40.80261, -73.954152)",MANHATTAN,40.80261,-73.954152
04M409,COALITION SCHOOL FOR SOCIAL CHANGE,48.0,354.0,357.0,373.0,1084.0,Low,372.0,390.0,383.0,1145.0,M409,Coalition School for Social Change,"2351 1ST AVENUE MANHATTAN NY 10035 (40.799265, -73.93374)",MANHATTAN,40.799265,-73.93374
04M435,MANHATTAN CENTER FOR SCIENCE AND MATHEMATICS,375.0,461.0,514.0,455.0,1430.0,Below Average,531.0,485.0,475.0,1491.0,M435,Manhattan Center for Science and Mathematics,"260 PLEASANT AVENUE MANHATTAN NY 10029 (40.794184, -73.932868)",MANHATTAN,40.794184,-73.932868
04M495,PARK EAST HIGH SCHOOL,51.0,373.0,379.0,376.0,1128.0,Low,374.0,360.0,362.0,1096.0,M495,Park East High School,"230-34 EAST 105 STREET MANHATTAN NY 10029 (40.790191, -73.944092)",MANHATTAN,40.790191,-73.944092
04M555,CENTRAL PARK EAST HIGH SCHOOL,73.0,405.0,421.0,395.0,1221.0,Below Average,378.0,362.0,356.0,1096.0,M555,Central Park East High School,"1573 MADISON AVENUE MANHATTAN NY 10029 (40.793649, -73.948488)",MANHATTAN,40.793649,-73.948488
04M610,YOUNG WOMEN'S LEADERSHIP SCHOOL,70.0,432.0,446.0,448.0,1326.0,Below Average,445.0,451.0,470.0,1366.0,M610,Young Women's Leadership School,"105 EAST 106 STREET MANHATTAN NY 10029 (40.792932, -73.947171)",MANHATTAN,40.792932,-73.947171
04M635,ACADEMY OF ENVIRONMENTAL SCIENCE SECONDARY HIGH SCHOOL,48.0,369.0,369.0,357.0,1095.0,Low,385.0,380.0,354.0,1119.0,M635,Academy of Environmental Science Secondary High Sc,"410 EAST 100 STREET MANHATTAN NY 10029 (40.785107, -73.942154)",MANHATTAN,40.785107,-73.942154
04M680,"HERITAGE SCHOOL, THE",31.0,358.0,351.0,345.0,1054.0,Low,385.0,369.0,361.0,1115.0,M680,"Heritage School, The","1680 LEXINGTON AVENUE MANHATTAN NY 10029 (40.791966, -73.946879)",MANHATTAN,40.791966,-73.946879
05M285,HARLEM RENAISSANCE HIGH SCHOOL,29.0,357.0,318.0,333.0,1008.0,Low,394.0,402.0,367.0,1163.0,M285,Harlem Renaissance High School,"22 EAST 128 STREET MANHATTAN NY 10035 (40.807692, -73.939974)",MANHATTAN,40.807692,-73.939974
05M304,MOTT HALL HIGH SCHOOL,54.0,413.0,399.0,398.0,1210.0,Below Average,421.0,424.0,410.0,1255.0,M304,Mott Hall High School,"6 EDGECOMBE AVENUE MANHATTAN NY 10030 (40.817228, -73.947151)",MANHATTAN,40.817228,-73.947151
05M369,URBAN ASSEMBLY SCHOOL FOR THE PERFORMING ARTS,56.0,360.0,353.0,364.0,1077.0,Low,370.0,349.0,363.0,1082.0,M369,Urban Assembly School for the Performing Arts,"509 WEST 129 STREET MANHATTAN NY 10027 (40.815747, -73.95552)",MANHATTAN,40.815747,-73.95552
05M469,CHOIR ACADEMY OF HARLEM,20.0,354.0,360.0,385.0,1099.0,Low,369.0,420.0,401.0,1190.0,M469,Choir Academy of Harlem,"2005 MADISON AVENUE MANHATTAN NY 10035 (40.807019, -73.938714)",MANHATTAN,40.807019,-73.938714
05M499,FREDERICK DOUGLASS ACADEMY,214.0,458.0,474.0,442.0,1374.0,Below Average,481.0,465.0,466.0,1412.0,M499,Frederick Douglass Academy,"2581 7TH AVENUE MANHATTAN NY 10039 (40.823988, -73.935746)",MANHATTAN,40.823988,-73.935746
05M670,THURGOOD MARSHALL ACADEMY FOR LEARNING AND SOCIAL CHANGE,66.0,396.0,402.0,404.0,1202.0,Below Average,434.0,423.0,404.0,1261.0,M670,Thurgood Marshall Academy for Learning and Social,"200-214 WEST 135TH STREET MANHATTAN NY 10030 (40.815237, -73.944299)",MANHATTAN,40.815237,-73.944299
05M685,BREAD & ROSES INTEGRATED ARTS HIGH SCHOOL,61.0,369.0,361.0,355.0,1085.0,Low,378.0,364.0,359.0,1101.0,M685,Bread & Roses Integrated Arts High School,"6 EDGECOMBE AVENUE MANHATTAN NY 10030 (40.817228, -73.947151)",MANHATTAN,40.817228,-73.947151
05M692,"HIGH SCHOOL FOR MATHEMATICS, SCIENCE AND ENGINEERING AT CITY COLLEGE",101.0,605.0,654.0,588.0,1847.0,Average,627.0,592.0,575.0,1794.0,M692,"High School for Mathematics, Science and Engineeri","240 CONVENT AVE MANHATTAN NY 10031 (40.820208, -73.950354)",MANHATTAN,40.820208,-73.950354
06M462,HIGH SCHOOL FOR INTERNATIONAL BUSINESS AND FINANCE,76.0,365.0,384.0,378.0,1127.0,Low,384.0,383.0,379.0,1146.0,M462,The College Academy,"549 AUDUBON AVENUE MANHATTAN NY 10040 (40.856532, -73.92606)",MANHATTAN,40.856532,-73.92606
06M463,HIGH SCHOOL FOR MEDIA AND COMMUNICATIONS,63.0,369.0,380.0,349.0,1098.0,Low,376.0,366.0,353.0,1095.0,M463,High School for Media and Communications,"549 AUDUBON AVENUE MANHATTAN NY 10040 (40.856532, -73.92606)",MANHATTAN,40.856532,-73.92606
06M467,HIGH SCHOOL FOR LAW AND PUBLIC SERVICE,94.0,363.0,378.0,361.0,1102.0,Low,388.0,388.0,378.0,1154.0,M467,High School for Law and Public Service,"549 AUDUBON AVENUE MANHATTAN NY 10040 (40.856532, -73.92606)",MANHATTAN,40.856532,-73.92606
06M468,HIGH SCHOOL FOR HEALTH CAREERS AND SCIENCES,24.0,400.0,422.0,402.0,1224.0,Below Average,417.0,385.0,373.0,1175.0,M468,High School for Health Careers and Sciences,"549 AUDUBON AVENUE MANHATTAN NY 10040 (40.856532, -73.92606)",MANHATTAN,40.856532,-73.92606
06M540,A. PHILIP RANDOLPH CAMPUS HIGH SCHOOL,228.0,430.0,456.0,423.0,1309.0,Below Average,451.0,436.0,421.0,1308.0,M540,A. Philip Randolph Campus High School,"443 WEST 135 STREET MANHATTAN NY 10031 (40.8185, -73.949929)",MANHATTAN,40.8185,-73.949929
06M552,GREGORIO LUPERON HIGH SCHOOL FOR SCIENCE AND MATHEMATICS,56.0,339.0,349.0,326.0,1014.0,Low,384.0,342.0,333.0,1059.0,M552,Gregorio Luperon High School for Science and Mathe,"501 WEST 165TH MANHATTAN NY 10032 (40.8381, -73.9383)",MANHATTAN,40.8381,-73.9383
07X221,SOUTH BRONX PREPARATORY: A COLLEGE BOARD SCHOOL,65.0,364.0,378.0,348.0,1090.0,Low,393.0,399.0,382.0,1174.0,X221,South Bronx Preparatory: A College Board School,"360 EAST 145 STREET BRONX NY 10454 (40.813612, -73.920851)",BRONX,40.813612,-73.920851
07X334,INTERNATIONAL COMMUNITY HIGH SCHOOL,34.0,310.0,324.0,311.0,945.0,Low,335.0,322.0,327.0,984.0,X334,International Community High School,"345 BROOK AVENUE BRONX NY 10454 (40.810314, -73.918774)",BRONX,40.810314,-73.918774
07X427,COMMUNITY SCHOOL FOR SOCIAL JUSTICE,43.0,361.0,359.0,357.0,1077.0,Low,351.0,372.0,359.0,1082.0,X427,Community School for Social Justice,"350 GERARD AVENUE BRONX NY 10451 (40.815712, -73.92996)",BRONX,40.815712,-73.92996
07X473,MOTT HAVEN VILLAGE PREPARATORY HIGH SCHOOL,63.0,351.0,375.0,371.0,1097.0,Low,352.0,345.0,349.0,1046.0,X473,Mott Haven Village Preparatory High School,"701 ST. ANNS AVENUE BRONX NY 10455 (40.818041, -73.911633)",BRONX,40.818041,-73.911633
07X495,UNIVERSITY HEIGHTS SECONDARY SCHOOL,79.0,403.0,394.0,404.0,1201.0,Below Average,388.0,401.0,396.0,1185.0,X495,University Heights Secondary School,"701 ST. ANNS AVENUE BRONX NY 10455 (40.818041, -73.911633)",BRONX,40.818041,-73.911633
07X500,HOSTOSsLINCOLN ACADEMY OF SCIENCE,66.0,420.0,426.0,411.0,1257.0,Below Average,455.0,460.0,457.0,1372.0,X500,Hostos-Lincoln Academy of Science,"600 SAINT ANN'S AVENUE BRONX NY 10455 (40.814857, -73.912038)",BRONX,40.814857,-73.912038
07X520,FOREIGN LANGUAGE ACADEMY OF GLOBAL STUDIES,64.0,399.0,396.0,391.0,1186.0,Low,429.0,418.0,415.0,1262.0,X520,Foreign Language Academy of Global Studies,"470 JACKSON AVENUE BRONX NY 10455 (40.811051, -73.909363)",BRONX,40.811051,-73.909363
07X527,BRONX LEADERSHIP ACADEMY II HIGH SCHOOL,62.0,362.0,378.0,363.0,1103.0,Low,381.0,377.0,379.0,1137.0,X527,Bronx Leadership Academy II High School,"730 CONCOURSE VILLAGE WEST BRONX NY 10451 (40.821828, -73.922366)",BRONX,40.821828,-73.922366
07X547,NEW EXPLORERS HIGH SCHOOL,28.0,367.0,356.0,361.0,1084.0,Low,376.0,382.0,376.0,1134.0,X547,New Explorers High School,"730 CONCOURSE VILLAGE WEST BRONX NY 10451 (40.821828, -73.922366)",BRONX,40.821828,-73.922366
07X548,URBAN ASSEMBLY SCHOOL FOR CAREERS IN SPORTS,44.0,387.0,411.0,383.0,1181.0,Low,423.0,381.0,384.0,1188.0,X548,Urban Assembly School for Careers in Sports,"730 CONCOURSE VILLAGE WEST BRONX NY 10451 (40.821828, -73.922366)",BRONX,40.821828,-73.922366
07X551,BRONX ACADEMY OF LETTERS,51.0,413.0,381.0,407.0,1201.0,Below Average,406.0,416.0,435.0,1257.0,X551,The Urban Assembly Bronx Academy of Letters,"339 MORRIS AVENUE BRONX NY 10451 (40.813681, -73.925995)",BRONX,40.813681,-73.925995
07X600,ALFRED E. SMITH CAREER AND TECHNICAL EDUCATION HIGH SCHOOL,76.0,394.0,400.0,364.0,1158.0,Low,372.0,367.0,354.0,1093.0,X600,Alfred E. Smith Career and Technical Education Hig,"333 EAST 151 STREET BRONX NY 10451 (40.818645, -73.919949)",BRONX,40.818645,-73.919949
07X655,SAMUEL GOMPERS CAREER AND TECHNICAL EDUCATION HIGH SCHOOL,47.0,398.0,416.0,370.0,1184.0,Low,385.0,370.0,354.0,1109.0,X655,Samuel Gompers Career and Technical Education High,"455 SOUTHERN BLVD BRONX NY 10455 (40.810671, -73.907528)",BRONX,40.810671,-73.907528
07X670,HEALTH OPPORTUNITIES HIGH SCHOOL,114.0,363.0,368.0,364.0,1095.0,Low,391.0,400.0,387.0,1178.0,X670,Health Opportunities High School,"350 GERARD AVENUE BRONX NY 10451 (40.815712, -73.92996)",BRONX,40.815712,-73.92996
08X282,WOMEN'S ACADEMY OF EXCELLENCE,44.0,407.0,386.0,378.0,1171.0,Low,407.0,395.0,388.0,1190.0,X282,Women's Academy of Excellence,"456 WHITE PLAINS ROAD BRONX NY 10473 (40.815043, -73.85607)",BRONX,40.815043,-73.85607
08X293,RENAISSANCE HIGH SCHOOL FOR MUSICAL THEATER & TECHNOLOGY,52.0,384.0,385.0,389.0,1158.0,Low,375.0,389.0,375.0,1139.0,X293,Renaissance High School for Musical Theater & Tech,"3000 EAST TREMONT AVENUE BRONX NY 10461 (40.839775, -73.839583)",BRONX,40.839775,-73.839583
08X295,GATEWAY SCHOOL FOR ENVIRONMENTAL RESEARCH AND TECHNOLOGY,41.0,416.0,390.0,394.0,1200.0,Low,367.0,377.0,368.0,1112.0,X295,Gateway School for Environmental Research and Tech,"1980 LAFAYETTE AVENUE BRONX NY 10473 (40.821218, -73.85593)",BRONX,40.821218,-73.85593
08X305,PABLO NERUDA ACADEMY FOR ARCHITECTURE AND WORLD STUDIES,67.0,337.0,361.0,340.0,1038.0,Low,358.0,359.0,338.0,1055.0,X305,Pablo Neruda Academy for Architecture and World St,"1980 LAFAYETTE AVENUE BRONX NY 10473 (40.821218, -73.85593)",BRONX,40.821218,-73.85593
08X312,MILLENNIUM ART ACADEMY,67.0,387.0,402.0,375.0,1164.0,Low,389.0,380.0,371.0,1140.0,X312,Millennium Art Academy,"1980 LAFAYETTE AVENUE BRONX NY 10473 (40.821218, -73.85593)",BRONX,40.821218,-73.85593
08X332,HOLCOMBE L. RUCKER SCHOOL OF COMMUNITY RESEARCH,39.0,363.0,371.0,350.0,1084.0,Low,362.0,374.0,366.0,1102.0,X332,Holcombe L. Rucker School of Community Research,"965 LONGWOOD AVENUE BRONX NY 10459 (40.817741, -73.897876)",BRONX,40.817741,-73.897876
08X377,BRONX COMMUNITY HIGH SCHOOL,9.0,367.0,369.0,376.0,1112.0,Low,393.0,416.0,414.0,1223.0,X377,Bronx Community High School,"1980 LAFAYETTE AVENUE BRONX NY 10473 (40.821218, -73.85593)",BRONX,40.821218,-73.85593
08X405,HERBERT H. LEHMAN HIGH SCHOOL,415.0,412.0,436.0,393.0,1241.0,Below Average,433.0,414.0,397.0,1244.0,X405,Herbert H. Lehman High School.,"3000 EAST TREMONT AVENUE BRONX NY 10461 (40.839775, -73.839583)",BRONX,40.839775,-73.839583
08X408,HERBERT H. LEHMAN YABC,6.0,402.0,373.0,413.0,1188.0,Low,343.0,358.0,385.0,1086.0,X408,,,,,
08X452,BRONX GUILD,39.0,369.0,371.0,365.0,1105.0,Low,361.0,381.0,352.0,1094.0,X452,Bronx Guild,"1980 LAFAYETTE AVENUE BRONX NY 10473 (40.821218, -73.85593)",BRONX,40.821218,-73.85593
08X519,"FELISA RINCON DE GAUTIER INSTITUTE FOR LAW AND PUBLIC POLICY, THE",68.0,373.0,370.0,356.0,1099.0,Low,376.0,373.0,367.0,1116.0,X519,Felisa Rincon de Gautier Institute for Law and Pub,"1440 STORY AVENUE BRONX NY 10473 (40.820486, -73.881187)",BRONX,40.820486,-73.881187
08X530,BANANA KELLY HIGH SCHOOL,54.0,373.0,381.0,377.0,1131.0,Low,382.0,377.0,368.0,1127.0,X530,Banana Kelly High School,"965 LONGWOOD AVENUE BRONX NY 10459 (40.817741, -73.897876)",BRONX,40.817741,-73.897876
08X540,SCHOOL FOR COMMUNITY RESEARCH AND LEARNING,16.0,366.0,400.0,368.0,1134.0,Low,376.0,356.0,368.0,1100.0,X540,School for Community Research and Learning,"1980 LAFAYETTE AVENUE BRONX NY 10473 (40.821218, -73.85593)",BRONX,40.821218,-73.85593
08X560,HIGH SCHOOL X560 s BRONX ACADEMY HIGH SCHOOL,9.0,404.0,368.0,399.0,1171.0,Low,354.0,373.0,364.0,1091.0,X560,Bronx Academy High School,"1440 STORY AVENUE BRONX NY 10473 (40.820486, -73.881187)",BRONX,40.820486,-73.881187
08X650,JANE ADDAMS HIGH SCHOOL FOR ACADEMIC CAREERS,78.0,377.0,359.0,376.0,1112.0,Low,377.0,370.0,363.0,1110.0,X650,Jane Addams High School for Academic Careers,"900 TINTON AVENUE BRONX NY 10456 (40.821723, -73.902892)",BRONX,40.821723,-73.902892
09X227,BRONX EXPEDITIONARY LEARNING HIGH SCHOOL,39.0,324.0,376.0,349.0,1049.0,Low,358.0,371.0,343.0,1072.0,X227,Bronx Collegiate Academy,"240 EAST 172 STREET BRONX NY 10457 (40.839307, -73.911366)",BRONX,40.839307,-73.911366
09X231,EAGLE ACADEMY FOR YOUNG MEN,78.0,373.0,387.0,374.0,1134.0,Low,399.0,391.0,386.0,1176.0,X231,Eagle Academy for Young Men,"4143 THIRD AVENUE BRONX NY 10457 (40.845366, -73.897479)",BRONX,40.845366,-73.897479
09X239,"URBAN ASSEMBLY ACADEMY FOR HISTORY AND CITIZENSHIP FOR YOUNG MEN, THE",33.0,372.0,355.0,357.0,1084.0,Low,380.0,359.0,371.0,1110.0,X239,Urban Assembly Academy for History and Citizenship,"240 EAST 172 STREET BRONX NY 10457 (40.839307, -73.911366)",BRONX,40.839307,-73.911366
09X250,EXIMIUS COLLEGE PREPARATORY ACADEMY: A COLLEGE BOARD SCHOOL,50.0,393.0,394.0,382.0,1169.0,Low,383.0,401.0,387.0,1171.0,X250,Eximius College Preparatory Academy: A College Boa,"1363 FULTON AVENUE BRONX NY 10456 (40.833884, -73.902794)",BRONX,40.833884,-73.902794
09X252,MOTT HALL BRONX HIGH SCHOOL,67.0,369.0,367.0,356.0,1092.0,Low,398.0,395.0,399.0,1192.0,X252,Mott Hall Bronx High School,"1595 BATHGATE AVENUE BRONX NY 10457 (40.839508, -73.901774)",BRONX,40.839508,-73.901774
09X260,BRONX CENTER FOR SCIENCE AND MATHEMATICS,81.0,459.0,480.0,457.0,1396.0,Below Average,495.0,447.0,454.0,1396.0,X260,Bronx Center for Science and Mathematics,"1363 FULTON AVENUE BRONX NY 10456 (40.833884, -73.902794)",BRONX,40.833884,-73.902794
09X263,VALIDUS PREPARATORY ACADEMY: AN EXPEDITIONARY LEARNING SCHOOL,74.0,356.0,363.0,356.0,1075.0,Low,347.0,359.0,356.0,1062.0,X263,Validus Preparatory Academy: An Expeditionary Lear,"1595 BATHGATE AVENUE BRONX NY 10457 (40.839508, -73.901774)",BRONX,40.839508,-73.901774
09X276,LEADERSHIP INSTITUTE,30.0,361.0,353.0,367.0,1081.0,Low,380.0,362.0,358.0,1100.0,X276,Leadership Institute,"1701 FULTON AVENUE BRONX NY 10457 (40.841758, -73.897943)",BRONX,40.841758,-73.897943
09X297,MORRIS ACADEMY FOR COLLABORATIVE STUDIES,38.0,386.0,386.0,376.0,1148.0,Low,352.0,388.0,378.0,1118.0,X297,Morris Academy for Collaborative Studies,"1110 BOSTON ROAD BRONX NY 10456 (40.827455, -73.90392)",BRONX,40.827455,-73.90392
09X329,DREAMYARD PREPARATORY SCHOOL,51.0,382.0,365.0,391.0,1138.0,Low,404.0,394.0,389.0,1187.0,X329,DreamYard Preparatory School,"240 EAST 172 STREET BRONX NY 10457 (40.839307, -73.911366)",BRONX,40.839307,-73.911366
09X403,BRONX INTERNATIONAL HIGH SCHOOL,49.0,314.0,312.0,339.0,965.0,Low,335.0,335.0,340.0,1010.0,X403,Bronx International High School,"1110 BOSTON ROAD BRONX NY 10456 (40.827455, -73.90392)",BRONX,40.827455,-73.90392
09X404,SCHOOL FOR EXCELLENCE,32.0,363.0,360.0,351.0,1074.0,Low,373.0,366.0,371.0,1110.0,X404,School for Excellence,"1110 BOSTON ROAD BRONX NY 10456 (40.827455, -73.90392)",BRONX,40.827455,-73.90392
09X412,BRONX HIGH SCHOOL OF BUSINESS,34.0,356.0,376.0,351.0,1083.0,Low,397.0,369.0,366.0,1132.0,X412,Bronx High School of Business,"240 EAST 172 STREET BRONX NY 10457 (40.839307, -73.911366)",BRONX,40.839307,-73.911366
09X413,BRONX HIGH SCHOOL FOR MEDICAL SCIENCE,64.0,400.0,419.0,402.0,1221.0,Below Average,450.0,423.0,435.0,1308.0,X413,Bronx High School for Medical Science,"240 EAST 172 STREET BRONX NY 10457 (40.839307, -73.911366)",BRONX,40.839307,-73.911366
09X414,JONATHAN LEVIN HIGH SCHOOL FOR MEDIA AND COMMUNICATIONS,35.0,379.0,364.0,379.0,1122.0,Low,353.0,347.0,351.0,1051.0,X414,Jonathan Levin High School for Media and Communica,"240 EAST 172 STREET BRONX NY 10457 (40.839307, -73.911366)",BRONX,40.839307,-73.911366
09X505,"BRONX SCHOOL FOR LAW, GOVERNMENT AND JUSTICE",80.0,404.0,418.0,402.0,1224.0,Below Average,390.0,413.0,420.0,1223.0,X505,"Bronx School for Law, Government and Justice","244 EAST 163 STREET BRONX NY 10451 (40.827461, -73.919024)",BRONX,40.827461,-73.919024
09X517,FREDERICK DOUGLASS ACADEMY III SECONDARY SCHOOL,50.0,368.0,384.0,369.0,1121.0,Low,414.0,399.0,406.0,1219.0,X517,Frederick Douglass Academy III Secondary School,"3630 THIRD AVENUE BRONX NY 10456 (40.833493, -73.903951)",BRONX,40.833493,-73.903951
09X525,BRONX LEADERSHIP ACADEMY HIGH SCHOOL,114.0,384.0,394.0,388.0,1166.0,Low,397.0,402.0,396.0,1195.0,X525,Bronx Leadership Academy High School,"1710 WEBSTER AVENUE BRONX NY 10457 (40.84325, -73.902969)",BRONX,40.84325,-73.902969
09X543,HIGH SCHOOL FOR VIOLIN AND DANCE,27.0,353.0,315.0,371.0,1039.0,Low,379.0,332.0,337.0,1048.0,X543,High School for Violin and Dance,"1110 BOSTON ROAD BRONX NY 10456 (40.827455, -73.90392)",BRONX,40.827455,-73.90392
10X141,RIVERDALE / KINGSBRIDGE ACADEMY (MIDDLE SCHOOL / HIGH SCHOOL 141),113.0,438.0,455.0,440.0,1333.0,Below Average,479.0,475.0,470.0,1424.0,X141,Riverdale / Kingsbridge Academy (Middle School / H,"660 WEST 237 STREET BRONX NY 10463 (40.887407, -73.914141)",BRONX,40.887407,-73.914141
10X213,BRONX ENGINEERING AND TECHNOLOGY ACADEMY,86.0,373.0,412.0,365.0,1150.0,Low,402.0,374.0,364.0,1140.0,X213,Bronx Engineering and Technology Academy,"99 TERRACE VIEW AVENUE BRONX NY 10463 (40.877379, -73.912686)",BRONX,40.877379,-73.912686
10X225,THEATRE ARTS PRODUCTION COMPANY SCHOOL,59.0,405.0,391.0,394.0,1190.0,Low,375.0,382.0,363.0,1120.0,X225,Theatre Arts Production Company School,"2225 WEBSTER AVENUE BRONX NY 10457 (40.854257, -73.897404)",BRONX,40.854257,-73.897404
10X237,"THE MARIE CURIE SCHOOL FOR MEDICINE, NURSING, AND HEALTH PROFESSIONS",79.0,382.0,393.0,382.0,1157.0,Low,358.0,373.0,366.0,1097.0,X237,"The Marie Curie School for Medicine, Nursing, and","120 WEST 231 STREET BRONX NY 10463 (40.875636, -73.901565)",BRONX,40.875636,-73.901565
10X243,WEST BRONX ACADEMY FOR THE FUTURE,26.0,382.0,406.0,370.0,1158.0,Low,382.0,365.0,375.0,1122.0,X243,West Bronx Academy for the Future,"500 EAST FORDHAM ROAD BRONX NY 10458 (40.859466, -73.888625)",BRONX,40.859466,-73.888625
10X268,KINGSBRIDGE INTERNATIONAL HIGH SCHOOL,52.0,304.0,356.0,302.0,962.0,Low,316.0,313.0,296.0,925.0,X268,Kingsbridge International High School,"2780 RESERVOIR AVENUE BRONX NY 10468 (40.869061, -73.897066)",BRONX,40.869061,-73.897066
10X284,BRONX SCHOOL OF LAW AND FINANCE,54.0,402.0,395.0,385.0,1182.0,Low,397.0,404.0,383.0,1184.0,X284,Bronx School of Law and Finance,"99 TERRACE VIEW AVENUE BRONX NY 10463 (40.877379, -73.912686)",BRONX,40.877379,-73.912686
10X342,INTERNATIONAL SCHOOL FOR LIBERAL ARTS,49.0,300.0,333.0,301.0,934.0,Low,336.0,333.0,285.0,954.0,X342,International School for Liberal Arts,"2780 RESERVOIR AVENUE BRONX NY 10468 (40.869061, -73.897066)",BRONX,40.869061,-73.897066
10X368,INsTECH ACADEMY (M.S. / HIGH SCHOOL 368),111.0,390.0,408.0,383.0,1181.0,Low,411.0,418.0,398.0,1227.0,X368,In-Tech Academy (M.S. / High School 368),"2975 TIBBETT AVENUE BRONX NY 10463 (40.877935, -73.913694)",BRONX,40.877935,-73.913694
10X433,HIGH SCHOOL FOR TEACHING AND THE PROFESSIONS,57.0,370.0,371.0,365.0,1106.0,Low,385.0,386.0,381.0,1152.0,X433,High School for Teaching and the Professions,"2780 RESERVOIR AVENUE BRONX NY 10468 (40.869061, -73.897066)",BRONX,40.869061,-73.897066
10X434,BELMONT PREPARATORY HIGH SCHOOL,51.0,404.0,418.0,400.0,1222.0,Below Average,370.0,358.0,346.0,1074.0,X434,Belmont Preparatory High School,"500 EAST FORDHAM ROAD BRONX NY 10458 (40.859466, -73.888625)",BRONX,40.859466,-73.888625
10X437,FORDHAM HIGH SCHOOL FOR THE ARTS,48.0,355.0,350.0,372.0,1077.0,Low,375.0,377.0,375.0,1127.0,X437,Fordham High School for the Arts,"500 EAST FORDHAM ROAD BRONX NY 10458 (40.859466, -73.888625)",BRONX,40.859466,-73.888625
10X438,FORDHAM LEADERSHIP ACADEMY FOR BUSINESS AND TECHNOLOGY,63.0,367.0,385.0,367.0,1119.0,Low,385.0,375.0,373.0,1133.0,X438,Fordham Leadership Academy for Business and Techno,"500 EAST FORDHAM ROAD BRONX NY 10458 (40.859466, -73.888625)",BRONX,40.859466,-73.888625
10X439,BRONX HIGH SCHOOL FOR LAW AND COMMUNITY SERVICE,65.0,366.0,364.0,352.0,1082.0,Low,400.0,389.0,382.0,1171.0,X439,Bronx High School for Law and Community Service,"500 EAST FORDHAM ROAD BRONX NY 10458 (40.859466, -73.888625)",BRONX,40.859466,-73.888625
10X440,DEWITT CLINTON HIGH SCHOOL,443.0,419.0,426.0,410.0,1255.0,Below Average,440.0,425.0,417.0,1282.0,X440,DeWitt Clinton High School,"100 WEST MOSHOLU PARKWAY SOUTH BRONX NY 10468 (40.879958, -73.889011)",BRONX,40.879958,-73.889011
10X442,"CELIA CRUZ BRONX HIGH SCHOOL OF MUSIC, THE",52.0,423.0,420.0,427.0,1270.0,Below Average,432.0,421.0,439.0,1292.0,X442,"Celia Cruz Bronx High School of Music, The","2780 RESERVOIR AVENUE BRONX NY 10468 (40.869061, -73.897066)",BRONX,40.869061,-73.897066
10X445,BRONX HIGH SCHOOL OF SCIENCE,731.0,632.0,688.0,649.0,1969.0,Average,685.0,632.0,643.0,1960.0,X445,Bronx High School of Science,"75 WEST 205 STREET BRONX NY 10468 (40.879958, -73.889011)",BRONX,40.879958,-73.889011
10X475,JOHN F. KENNEDY HIGH SCHOOL,109.0,351.0,362.0,339.0,1052.0,Low,375.0,364.0,358.0,1097.0,X475,John F. Kennedy High School,"99 TERRACE VIEW AVENUE BRONX NY 10463 (40.877379, -73.912686)",BRONX,40.877379,-73.912686
10X477,MARBLE HILL HIGH SCHOOL FOR INTERNATIONAL STUDIES,99.0,414.0,435.0,414.0,1263.0,Below Average,429.0,406.0,403.0,1238.0,X477,Marble Hill High School for International Studies,"99 TERRACE VIEW AVENUE BRONX NY 10463 (40.877379, -73.912686)",BRONX,40.877379,-73.912686
10X546,BRONX THEATRE HIGH SCHOOL,68.0,348.0,362.0,354.0,1064.0,Low,389.0,406.0,388.0,1183.0,X546,Bronx Theatre High School,"99 TERRACE VIEW AVENUE BRONX NY 10463 (40.877379, -73.912686)",BRONX,40.877379,-73.912686
10X549,DISCOVERY HIGH SCHOOL,55.0,372.0,379.0,364.0,1115.0,Low,340.0,340.0,351.0,1031.0,X549,Discovery High School,"2780 RESERVOIR AVENUE BRONX NY 10468 (40.869061, -73.897066)",BRONX,40.869061,-73.897066
10X660,GRACE DODGE CAREER AND TECHNICAL EDUCATION HIGH SCHOOL,73.0,362.0,382.0,356.0,1100.0,Low,385.0,380.0,369.0,1134.0,X660,Grace Dodge Career and Technical Education High Sc,"2474 CROTONA AVENUE BRONX NY 10458 (40.855392, -73.882487)",BRONX,40.855392,-73.882487
10X667,GRACE DODGE YABC,10.0,350.0,356.0,317.0,1023.0,Low,378.0,367.0,358.0,1103.0,X667,,,,,
10X696,HIGH SCHOOL OF AMERICAN STUDIES AT LEHMAN COLLEGE,92.0,636.0,648.0,636.0,1920.0,Average,630.0,635.0,619.0,1884.0,X696,High School of American Studies at Lehman College,"2925 GOULDEN AVENUE BRONX NY 10468 (40.874725, -73.895543)",BRONX,40.874725,-73.895543
11X249,BRONX HEALTH SCIENCES HIGH SCHOOL,74.0,370.0,381.0,382.0,1133.0,Low,366.0,363.0,364.0,1093.0,X249,Bronx Health Sciences High School,"750 BAYCHESTER AVENUE BRONX NY 10475 (40.874035, -73.831669)",BRONX,40.874035,-73.831669
11X253,BRONX HIGH SCHOOL FOR WRITING AND COMMUNICATION ARTS,46.0,400.0,357.0,390.0,1147.0,Low,363.0,393.0,387.0,1143.0,X253,Bronx High School for Writing and Communication Ar,"800 EAST GUN HILL ROAD BRONX NY 10467 (40.875172, -73.861649)",BRONX,40.875172,-73.861649
11X265,BRONX LAB SCHOOL,81.0,377.0,391.0,367.0,1135.0,Low,370.0,356.0,355.0,1081.0,X265,Bronx Lab School,"800 EAST GUN HILL ROAD BRONX NY 10467 (40.875172, -73.861649)",BRONX,40.875172,-73.861649
11X270,ACADEMY FOR SCHOLARSHIP AND ENTREPRENEURSHIP: A COLLEGE BOARD SCHOOL,56.0,386.0,394.0,361.0,1141.0,Low,376.0,373.0,362.0,1111.0,X270,Academy for Scholarship and Entrepreneurship: A Co,"921 EAST 228TH STREET BRONX NY 10466 (40.888242, -73.852714)",BRONX,40.888242,-73.852714
11X275,HIGH SCHOOL OF COMPUTERS AND TECHNOLOGY,72.0,381.0,376.0,354.0,1111.0,Low,402.0,399.0,373.0,1174.0,X275,High School of Computers and Technology,"800 EAST GUN HILL ROAD BRONX NY 10467 (40.875172, -73.861649)",BRONX,40.875172,-73.861649
11X288,COLLEGIATE INSTITUTE FOR MATH AND SCIENCE,97.0,444.0,471.0,433.0,1348.0,Below Average,464.0,432.0,424.0,1320.0,X288,Collegiate Institute for Math and Science,"925 ASTOR AVENUE BRONX NY 10469 (40.860443, -73.860729)",BRONX,40.860443,-73.860729
11X290,BRONX ACADEMY OF HEALTH CAREERS,69.0,387.0,365.0,383.0,1135.0,Low,363.0,369.0,380.0,1112.0,X290,Bronx Academy of Health Careers,"800 EAST GUN HILL ROAD BRONX NY 10467 (40.875172, -73.861649)",BRONX,40.875172,-73.861649
11X299,ASTOR COLLEGIATE ACADEMY,60.0,387.0,391.0,391.0,1169.0,Low,400.0,404.0,388.0,1192.0,X299,Astor Collegiate Academy,"925 ASTOR AVENUE BRONX NY 10469 (40.860443, -73.860729)",BRONX,40.860443,-73.860729
11X415,CHRISTOPHER COLUMBUS HIGH SCHOOL,121.0,367.0,361.0,353.0,1081.0,Low,373.0,354.0,350.0,1077.0,X415,Christopher Columbus High School,"925 ASTOR AVENUE BRONX NY 10469 (40.860443, -73.860729)",BRONX,40.860443,-73.860729
11X418,BRONX HIGH SCHOOL FOR THE VISUAL ARTS,48.0,419.0,433.0,416.0,1268.0,Below Average,403.0,419.0,392.0,1214.0,X418,Bronx High School for the Visual Arts,"2040 ANTIN PL BRONX NY 10462 (40.851577, -73.864438)",BRONX,40.851577,-73.864438
11X455,HARRY S TRUMAN HIGH SCHOOL,189.0,386.0,397.0,368.0,1151.0,Low,384.0,380.0,379.0,1143.0,X455,Harry S Truman High School,"750 BAYCHESTER AVENUE BRONX NY 10475 (40.874035, -73.831669)",BRONX,40.874035,-73.831669
11X513,NEW WORLD HIGH SCHOOL,72.0,332.0,381.0,335.0,1048.0,Low,384.0,331.0,341.0,1056.0,X513,New World High School,"921 EAST 228TH STREET BRONX NY 10466 (40.888242, -73.852714)",BRONX,40.888242,-73.852714
11X514,THE BRONXWOOD PREPARATORY ACADEMY,48.0,377.0,372.0,363.0,1112.0,Low,389.0,359.0,350.0,1098.0,X514,The Bronxwood Preparatory Academy,"921 EAST 228TH STREET BRONX NY 10466 (40.888242, -73.852714)",BRONX,40.888242,-73.852714
11X541,GLOBAL ENTERPRISE HIGH SCHOOL,57.0,372.0,382.0,375.0,1129.0,Low,359.0,372.0,373.0,1104.0,X541,Global Enterprise High School,"925 ASTOR AVENUE BRONX NY 10469 (40.860443, -73.860729)",BRONX,40.860443,-73.860729
11X542,PELHAM PREPARATORY ACADEMY,76.0,431.0,438.0,419.0,1288.0,Below Average,416.0,427.0,424.0,1267.0,X542,Pelham Preparatory Academy,"925 ASTOR AVENUE BRONX NY 10469 (40.860443, -73.860729)",BRONX,40.860443,-73.860729
11X544,HIGH SCHOOL FOR CONTEMPORARY ARTS,55.0,383.0,378.0,365.0,1126.0,Low,340.0,359.0,338.0,1037.0,X544,High School for Contemporary Arts,"800 EAST GUN HILL ROAD BRONX NY 10467 (40.875172, -73.861649)",BRONX,40.875172,-73.861649
11X545,BRONX AEROSPACE HIGH SCHOOL,46.0,388.0,393.0,382.0,1163.0,Low,395.0,393.0,389.0,1177.0,X545,Bronx Aerospace High School,"800 EAST GUN HILL ROAD BRONX NY 10467 (40.875172, -73.861649)",BRONX,40.875172,-73.861649
12X245,NEW DAY ACADEMY,25.0,348.0,344.0,354.0,1046.0,Low,349.0,368.0,358.0,1075.0,X245,New Day Academy,"800 HOME STREET BRONX NY 10456 (40.826933, -73.900593)",BRONX,40.826933,-73.900593
12X248,"METROPOLITAN HIGH SCHOOL, THE",49.0,347.0,367.0,341.0,1055.0,Low,361.0,340.0,335.0,1036.0,X248,"Metropolitan High School, The","1180 REV. J.A. POLITE AVE. BRONX NY 10459 (40.827539, -73.896925)",BRONX,40.827539,-73.896925
12X251,EXPLORATIONS ACADEMY,57.0,381.0,381.0,360.0,1122.0,Low,364.0,364.0,344.0,1072.0,X251,Explorations Academy,"1619 BOSTON ROAD BRONX NY 10460 (40.836245, -73.890591)",BRONX,40.836245,-73.890591
12X262,PERFORMANCE CONSERVATORY HIGH SCHOOL,30.0,361.0,353.0,360.0,1074.0,Low,360.0,383.0,387.0,1130.0,X262,Performance Conservatory High School,"1619 BOSTON ROAD BRONX NY 10460 (40.836245, -73.890591)",BRONX,40.836245,-73.890591
12X271,EAST BRONX ACADEMY FOR THE FUTURE,46.0,366.0,378.0,358.0,1102.0,Low,390.0,415.0,397.0,1202.0,X271,East Bronx Academy for the Future,"1716 SOUTHERN BOULEVARD BRONX NY 10460 (40.836821, -73.887688)",BRONX,40.836821,-73.887688
12X278,PEACE AND DIVERSITY ACADEMY,34.0,390.0,401.0,364.0,1155.0,Low,400.0,408.0,401.0,1209.0,X278,Peace and Diversity Academy,"1180 REV. J.A. POLITE AVE. BRONX NY 10459 (40.827539, -73.896925)",BRONX,40.827539,-73.896925
12X446,ARTURO A. SCHOMBURG SATELLITE ACADEMY BRONX,14.0,380.0,372.0,349.0,1101.0,Low,366.0,354.0,364.0,1084.0,X446,Arturo A. Schomburg Satellite Academy Bronx,"1010 REV. J. A. POLITE AVENUE BRONX NY 10459 (40.823124, -73.898265)",BRONX,40.823124,-73.898265
12X480,BRONX REGIONAL HIGH SCHOOL,16.0,398.0,385.0,398.0,1181.0,Low,366.0,359.0,359.0,1084.0,X480,Bronx Regional High School,"1010 REV. J. A. POLITE AVENUE BRONX NY 10459 (40.823124, -73.898265)",BRONX,40.823124,-73.898265
12X550,HIGH SCHOOL OF WORLD CULTURES,42.0,304.0,323.0,312.0,939.0,Low,333.0,291.0,291.0,915.0,X550,High School of World Cultures,"1300 BOYNTON AVENUE BRONX NY 10472 (40.832508, -73.878191)",BRONX,40.832508,-73.878191
12X682,FANNIE LOU HAMER FREEDOM HIGH SCHOOL,72.0,342.0,346.0,341.0,1029.0,Low,326.0,333.0,330.0,989.0,X682,Fannie Lou Hamer Freedom High School,"1021 JENNINGS STREET BRONX NY 10460 (40.831212, -73.885804)",BRONX,40.831212,-73.885804
12X684,WINGS ACADEMY,66.0,378.0,374.0,362.0,1114.0,Low,397.0,386.0,383.0,1166.0,X684,Wings Academy,"1122 EAST 180 STREET BRONX NY 10460 (40.841376, -73.875262)",BRONX,40.841376,-73.875262
12X690,MONROE ACADEMY FOR BUSINESS/LAW,31.0,375.0,387.0,376.0,1138.0,Low,369.0,355.0,366.0,1090.0,X690,Monroe Academy for Business/Law,"1300 BOYNTON AVENUE BRONX NY 10472 (40.832508, -73.878191)",BRONX,40.832508,-73.878191
12X692,MONROE ACADEMY FOR VISUAL ARTS & DESIGN,43.0,332.0,357.0,349.0,1038.0,Low,341.0,346.0,356.0,1043.0,X692,Monroe Academy for Visual Arts & Design,"1300 BOYNTON AVENUE BRONX NY 10472 (40.832508, -73.878191)",BRONX,40.832508,-73.878191
13K265,DR. SUSAN S. MCKINNEY SECONDARY SCHOOL OF THE ARTS,29.0,352.0,349.0,373.0,1074.0,Low,369.0,387.0,369.0,1125.0,K265,Dr. Susan S. McKinney Secondary School of the Arts,"101 PARK AVENUE BROOKLYN NY 11205 (40.697177, -73.976104)",BROOKLYN,40.697177,-73.976104
13K350,URBAN ASSEMBLY HIGH SCHOOL OF MUSIC AND ART,52.0,360.0,364.0,356.0,1080.0,Low,371.0,394.0,371.0,1136.0,K350,Urban Assembly High School of Music and Art,"49 FLATBUSH AVENUE EXTENSION BROOKLYN NY 11201 (40.69733, -73.984528)",BROOKLYN,40.69733,-73.984528
13K412,"BROOKLYN COMMUNITY HIGH SCHOOL OF COMMUNICATION, ARTS AND MEDIA",37.0,375.0,355.0,384.0,1114.0,Low,356.0,393.0,377.0,1126.0,K412,"Brooklyn Community High School of Communication, A","300 WILLOUGHBY AVENUE BROOKLYN NY 11205 (40.692015, -73.95818)",BROOKLYN,40.692015,-73.95818
13K419,"SCIENCE SKILLS CENTER HIGH SCHOOL FOR SCIENCE, TECHNOLOGY AND THE CREATIVE ARTS",92.0,399.0,417.0,395.0,1211.0,Below Average,421.0,419.0,409.0,1249.0,K419,"Science Skills Center High School for Science, Tec","49 FLATBUSH AVENUE EXTENSION BROOKLYN NY 11201 (40.69733, -73.984528)",BROOKLYN,40.69733,-73.984528
13K430,BROOKLYN TECHNICAL HIGH SCHOOL,1277.0,587.0,659.0,587.0,1833.0,Average,652.0,588.0,581.0,1821.0,K430,Brooklyn Technical High School,"29 FT GREENE PLACE BROOKLYN NY 11217 (40.688896, -73.976435)",BROOKLYN,40.688896,-73.976435
13K483,THE URBAN ASSEMBLY SCHOOL FOR LAW AND JUSTICE,105.0,400.0,417.0,389.0,1206.0,Below Average,415.0,414.0,412.0,1241.0,K483,The Urban Assembly School for Law and Justice,"283 ADAMS STREET BROOKLYN NY 11201 (40.694629, -73.988323)",BROOKLYN,40.694629,-73.988323
13K499,ACORN COMMUNITY HIGH SCHOOL,72.0,384.0,364.0,368.0,1116.0,Low,361.0,367.0,360.0,1088.0,K499,ACORN Community High School,"561 GRAND AVENUE BROOKLYN NY 11238 (40.678591, -73.961636)",BROOKLYN,40.678591,-73.961636
13K509,FREEDOM ACADEMY HIGH SCHOOL,29.0,400.0,390.0,403.0,1193.0,Low,386.0,416.0,408.0,1210.0,K509,Freedom Academy High School,"116 NASSAU STREET BROOKLYN NY 11201 (40.698274, -73.986523)",BROOKLYN,40.698274,-73.986523
13K553,BROOKLYN ACADEMY HIGH SCHOOL,8.0,435.0,383.0,379.0,1197.0,Low,384.0,403.0,377.0,1164.0,K553,Brooklyn Academy High School,"832 MARCY AVENUE BROOKLYN NY 11216 (40.684654, -73.947873)",BROOKLYN,40.684654,-73.947873
13K575,BEDFORD STUYVESANT PREPARATORY HIGH SCHOOL,13.0,398.0,391.0,394.0,1183.0,Low,380.0,366.0,362.0,1108.0,K575,Bedford Stuyvesant Preparatory High School,"832 MARCY AVENUE BROOKLYN NY 11216 (40.684654, -73.947873)",BROOKLYN,40.684654,-73.947873
13K595,BEDFORD ACADEMY HIGH SCHOOL,89.0,438.0,443.0,431.0,1312.0,Below Average,469.0,453.0,441.0,1363.0,K595,Bedford Academy High School,"1119 BEDFORD AVENUE BROOKLYN NY 11216 (40.685486, -73.953692)",BROOKLYN,40.685486,-73.953692
13K605,GEORGE WESTINGHOUSE CAREER AND TECHNICAL EDUCATION HIGH SCHOOL,85.0,406.0,391.0,392.0,1189.0,Low,360.0,390.0,373.0,1123.0,K605,George Westinghouse Career and Technical Education,"105 JOHNSON STREET BROOKLYN NY 11201 (40.695444, -73.986105)",BROOKLYN,40.695444,-73.986105
13K670,BENJAMIN BANNEKER ACADEMY,185.0,471.0,472.0,448.0,1391.0,Below Average,477.0,476.0,445.0,1398.0,K670,Benjamin Banneker Academy,"71-77 CLINTON AVENUE BROOKLYN NY 11205 (40.695389, -73.968759)",BROOKLYN,40.695389,-73.968759
14K071,JUAN MOREL CAMPOS SECONDARY SCHOOL,102.0,365.0,361.0,359.0,1085.0,Low,369.0,362.0,349.0,1080.0,K071,Juan Morel Campos Secondary School,"215 HEYWARD STREET BROOKLYN NY 11206 (40.703996, -73.953304)",BROOKLYN,40.703996,-73.953304
14K404,ACADEMY FOR YOUNG WRITERS,68.0,387.0,357.0,381.0,1125.0,Low,366.0,377.0,365.0,1108.0,K404,Academy for Young Writers,"1065 ELTON STREET BROOKLYN NY 11208 (40.657266, -73.874064)",BROOKLYN,40.657266,-73.874064
14K449,"BROOKLYN LATIN SCHOOL, THE",72.0,586.0,584.0,570.0,1740.0,Average,534.0,536.0,527.0,1597.0,K449,"Brooklyn Latin School, The","325 BUSHWICK AVENUE BROOKLYN NY 11206 (40.705005, -73.93879)",BROOKLYN,40.705005,-73.93879
14K454,GREEN SCHOOL: AN ACADEMY FOR ENVIRONMENTAL CAREERS,41.0,407.0,386.0,396.0,1189.0,Low,381.0,381.0,366.0,1128.0,K454,Green School: An Academy for Environmental Careers,"223 GRAHAM AVENUE BROOKLYN NY 11206 (40.709765, -73.944463)",BROOKLYN,40.709765,-73.944463
14K474,PROGRESS HIGH SCHOOL FOR PROFESSIONAL CAREERS,144.0,364.0,379.0,371.0,1114.0,Low,375.0,365.0,373.0,1113.0,K474,PROGRESS High School for Professional Careers,"850 GRAND STREET BROOKLYN NY 11211 (40.711134, -73.938921)",BROOKLYN,40.711134,-73.938921
14K477,SCHOOL FOR LEGAL STUDIES,134.0,413.0,396.0,395.0,1204.0,Below Average,390.0,385.0,384.0,1159.0,K477,School for Legal Studies,"850 GRAND STREET BROOKLYN NY 11211 (40.711134, -73.938921)",BROOKLYN,40.711134,-73.938921
14K478,"THE HIGH SCHOOL FOR ENTERPRISE, BUSINESS AND TECHNOLOGY",142.0,398.0,421.0,396.0,1215.0,Below Average,390.0,360.0,354.0,1104.0,K478,"The High School for Enterprise, Business and Techn","850 GRAND STREET BROOKLYN NY 11211 (40.711134, -73.938921)",BROOKLYN,40.711134,-73.938921
14K488,BROOKLYN PREPARATORY HIGH SCHOOL,42.0,367.0,373.0,350.0,1090.0,Low,377.0,397.0,387.0,1161.0,K488,Brooklyn Preparatory High School,"257 NORTH 6 STREET BROOKLYN NY 11211 (40.715561, -73.954815)",BROOKLYN,40.715561,-73.954815
14K558,WILLIAMSBURG HIGH SCHOOL FOR ARCHITECTURE AND DESIGN,72.0,363.0,385.0,364.0,1112.0,Low,393.0,399.0,367.0,1159.0,K558,Williamsburg High School for Architecture and Desi,"257 NORTH 6 STREET BROOKLYN NY 11211 (40.715561, -73.954815)",BROOKLYN,40.715561,-73.954815
14K561,WILLIAMSBURG PREPARATORY SCHOOL,113.0,397.0,410.0,380.0,1187.0,Low,386.0,375.0,369.0,1130.0,K561,Williamsburg Preparatory School,"257 NORTH 6 STREET BROOKLYN NY 11211 (40.715561, -73.954815)",BROOKLYN,40.715561,-73.954815
14K610,AUTOMOTIVE HIGH SCHOOL,94.0,367.0,376.0,350.0,1093.0,Low,359.0,353.0,340.0,1052.0,K610,Automotive High School,"50 BEDFORD AVENUE BROOKLYN NY 11222 (40.721448, -73.953328)",BROOKLYN,40.721448,-73.953328
14K685,EL PUENTE ACADEMY FOR PEACE AND JUSTICE,28.0,359.0,335.0,341.0,1035.0,Low,386.0,375.0,394.0,1155.0,K685,El Puente Academy for Peace and Justice,"250 HOOPER STREET BROOKLYN NY 11211 (40.70554, -73.955741)",BROOKLYN,40.70554,-73.955741
15K429,BROOKLYN SCHOOL FOR GLOBAL STUDIES,52.0,361.0,367.0,383.0,1111.0,Low,365.0,374.0,374.0,1113.0,K429,Brooklyn School for Global Studies,"284 BALTIC STREET BROOKLYN NY 11201 (40.685006, -73.993293)",BROOKLYN,40.685006,-73.993293
15K448,BROOKLYN SECONDARY SCHOOL FOR COLLABORATIVE STUDIES,76.0,393.0,399.0,387.0,1179.0,Low,380.0,385.0,375.0,1140.0,K448,Brooklyn Secondary School for Collaborative Studie,"610 HENRY STREET BROOKLYN NY 11231 (40.679462, -74.002022)",BROOKLYN,40.679462,-74.002022
15K462,SECONDARY SCHOOL FOR LAW,59.0,398.0,411.0,394.0,1203.0,Below Average,409.0,406.0,393.0,1208.0,K462,Secondary School for Law,"237 7 AVENUE BROOKLYN NY 11215 (40.669255, -73.97858)",BROOKLYN,40.669255,-73.97858
15K463,SECONDARY SCHOOL FOR JOURNALISM,58.0,397.0,391.0,381.0,1169.0,Low,372.0,393.0,370.0,1135.0,K463,Secondary School for Journalism,"237 7 AVENUE BROOKLYN NY 11215 (40.669255, -73.97858)",BROOKLYN,40.669255,-73.97858
15K464,PARK SLOPE COLLEGIATE,72.0,379.0,416.0,380.0,1175.0,Low,395.0,373.0,368.0,1136.0,K464,Park Slope Collegiate,"237 7 AVENUE BROOKLYN NY 11215 (40.669255, -73.97858)",BROOKLYN,40.669255,-73.97858
15K497,SCHOOL FOR INTERNATIONAL STUDIES,64.0,405.0,415.0,392.0,1212.0,Below Average,414.0,402.0,382.0,1198.0,K497,School for International Studies,"284 BALTIC STREET BROOKLYN NY 11201 (40.685006, -73.993293)",BROOKLYN,40.685006,-73.993293
15K519,COBBLE HILL SCHOOL OF AMERICAN STUDIES,77.0,398.0,402.0,385.0,1185.0,Low,358.0,365.0,360.0,1083.0,K519,Cobble Hill School of American Studies,"347 BALTIC STREET BROOKLYN NY 11201 (40.684869, -73.990884)",BROOKLYN,40.684869,-73.990884
15K520,PACIFIC HIGH SCHOOL,9.0,352.0,341.0,300.0,993.0,Low,352.0,356.0,343.0,1051.0,K520,,,,,
15K530,METROPOLITAN CORPORATE ACADEMY HIGH SCHOOL,28.0,368.0,365.0,368.0,1101.0,Low,348.0,370.0,348.0,1066.0,K530,Metropolitan Corporate Academy High School,"362 SCHERMERHORN STREET BROOKLYN NY 11217 (40.686147, -73.979829)",BROOKLYN,40.686147,-73.979829
15K656,BROOKLYN HIGH SCHOOL OF THE ARTS,141.0,426.0,421.0,411.0,1258.0,Below Average,417.0,416.0,425.0,1258.0,K656,Brooklyn High School of the Arts,"345 DEAN STREET BROOKLYN NY 11217 (40.683951, -73.980266)",BROOKLYN,40.683951,-73.980266
15K698,SOUTH BROOKLYN COMMUNITY HIGH SCHOOL,8.0,430.0,416.0,425.0,1271.0,Below Average,371.0,387.0,368.0,1126.0,K698,South Brooklyn Community High School,"173 CONOVER STREET BROOKLYN NY 11231 (40.677968, -74.014363)",BROOKLYN,40.677968,-74.014363
16K393,FREDERICK DOUGLASS ACADEMY IV SECONDARY SCHOOL,20.0,355.0,355.0,358.0,1068.0,Low,421.0,429.0,424.0,1274.0,K393,Frederick Douglass Academy IV Secondary School,"1014 LAFAYETTE AVENUE BROOKLYN NY 11221 (40.6921, -73.9317)",BROOKLYN,40.6921,-73.9317
16K455,BOYS AND GIRLS HIGH SCHOOL,131.0,365.0,370.0,362.0,1097.0,Low,367.0,369.0,366.0,1102.0,K455,Boys and Girls High School,"1700 FULTON STREET BROOKLYN NY 11213 (40.678478, -73.931604)",BROOKLYN,40.678478,-73.931604
16K498,BROOKLYN HIGH SCHOOL FOR LAW AND TECHNOLOGY,46.0,362.0,372.0,358.0,1092.0,Low,364.0,367.0,364.0,1095.0,K498,Brooklyn High School for Law and Technology,"1396 BROADWAY BROOKLYN NY 11221 (40.688399, -73.920603)",BROOKLYN,40.688399,-73.920603
17K382,ACADEMY FOR COLLEGE PREPARATION AND CAREER EXPLORATION: A COLLEGE BOARD SCHOOL,59.0,396.0,374.0,369.0,1139.0,Low,412.0,401.0,404.0,1217.0,K382,Academy for College Preparation and Career Explora,"911 FLATBUSH AVENUE BROOKLYN NY 11226 (40.649602, -73.957173)",BROOKLYN,40.649602,-73.957173
17K408,ACADEMY OF HOSPITALITY AND TOURISM,57.0,352.0,342.0,351.0,1045.0,Low,405.0,400.0,399.0,1204.0,K408,Academy of Hospitality and Tourism,"911 FLATBUSH AVENUE BROOKLYN NY 11226 (40.649602, -73.957173)",BROOKLYN,40.649602,-73.957173
17K489,W.E.B. DUBOIS ACADEMIC HIGH SCHOOL,7.0,394.0,364.0,334.0,1092.0,Low,344.0,381.0,360.0,1085.0,K489,W.E.B. Dubois Academic High School,"402 EASTERN PARKWAY BROOKLYN NY 11225 (40.669561, -73.955188)",BROOKLYN,40.669561,-73.955188
17K524,INTERNATIONAL HIGH SCHOOL AT PROSPECT HEIGHTS,71.0,287.0,335.0,291.0,913.0,Low,339.0,302.0,325.0,966.0,K524,International High School at Prospect Heights,"883 CLASSON AVENUE BROOKLYN NY 11225 (40.669805, -73.960689)",BROOKLYN,40.669805,-73.960689
17K528,THE HIGH SCHOOL FOR GLOBAL CITIZENSHIP,46.0,403.0,385.0,388.0,1176.0,Low,387.0,382.0,381.0,1150.0,K528,The High School for Global Citizenship,"883 CLASSON AVENUE BROOKLYN NY 11225 (40.669805, -73.960689)",BROOKLYN,40.669805,-73.960689
17K531,"SCHOOL FOR HUMAN RIGHTS, THE",35.0,348.0,381.0,359.0,1088.0,Low,391.0,357.0,343.0,1091.0,K531,"School for Human Rights, The","600 KINGSTON AVENUE BROOKLYN NY 11203 (40.658671, -73.943839)",BROOKLYN,40.658671,-73.943839
17K533,SCHOOL FOR DEMOCRACY AND LEADERSHIP,38.0,377.0,404.0,372.0,1153.0,Low,378.0,358.0,372.0,1108.0,K533,School for Democracy and  Leadership,"600 KINGSTON AVENUE BROOKLYN NY 11203 (40.658671, -73.943839)",BROOKLYN,40.658671,-73.943839
17K537,HIGH SCHOOL FOR YOUTH AND COMMUNITY DEVELOPMENT AT ERASMUS,73.0,338.0,349.0,340.0,1027.0,Low,376.0,361.0,365.0,1102.0,K537,High School for Youth and Community Development at,"911 FLATBUSH AVENUE BROOKLYN NY 11226 (40.649602, -73.957173)",BROOKLYN,40.649602,-73.957173
17K539,HIGH SCHOOL FOR SERVICE & LEARNING AT ERASMUS,61.0,362.0,375.0,368.0,1105.0,Low,366.0,371.0,381.0,1118.0,K539,High School for Service & Learning at Erasmus,"911 FLATBUSH AVENUE BROOKLYN NY 11226 (40.649602, -73.957173)",BROOKLYN,40.649602,-73.957173
17K543,"SCIENCE, TECHNOLOGY AND RESEARCH EARLY COLLEGE HIGH SCHOOL AT ERASMUS",69.0,457.0,462.0,441.0,1360.0,Below Average,425.0,445.0,415.0,1285.0,K543,"Science, Technology and Research Early College Hig","911 FLATBUSH AVENUE BROOKLYN NY 11226 (40.649602, -73.957173)",BROOKLYN,40.649602,-73.957173
17K544,INTERNATIONAL ARTS BUSINESS SCHOOL,54.0,386.0,391.0,369.0,1146.0,Low,390.0,392.0,381.0,1163.0,K544,International Arts Business School,"600 KINGSTON AVENUE BROOKLYN NY 11203 (40.658671, -73.943839)",BROOKLYN,40.658671,-73.943839
17K546,HIGH SCHOOL FOR PUBLIC SERVICE: HEROES OF TOMORROW,79.0,418.0,441.0,414.0,1273.0,Below Average,427.0,412.0,420.0,1259.0,K546,High School for Public Service: Heroes  of Tomorro,"600 KINGSTON AVENUE BROOKLYN NY 11203 (40.658671, -73.943839)",BROOKLYN,40.658671,-73.943839
17K547,BROOKLYN ACADEMY OF SCIENCE AND THE ENVIRONMENT,63.0,388.0,382.0,373.0,1143.0,Low,396.0,391.0,388.0,1175.0,K547,Brooklyn Academy of Science and the Environment,"883 CLASSON AVENUE BROOKLYN NY 11225 (40.669805, -73.960689)",BROOKLYN,40.669805,-73.960689
17K548,BROOKLYN SCHOOL FOR MUSIC & THEATRE,48.0,385.0,393.0,373.0,1151.0,Low,351.0,385.0,381.0,1117.0,K548,Brooklyn School for Music & Theatre,"883 CLASSON AVENUE BROOKLYN NY 11225 (40.669805, -73.960689)",BROOKLYN,40.669805,-73.960689
17K568,BROWNSVILLE ACADEMY HIGH SCHOOL,16.0,372.0,356.0,335.0,1063.0,Low,358.0,356.0,366.0,1080.0,K568,Brownsville Academy High School,"1150 EAST NEW YORK AVENUE BROOKLYN NY 11212 (40.666251, -73.923881)",BROOKLYN,40.666251,-73.923881
17K590,MEDGAR EVERS COLLEGE PREPARATORY SCHOOL,165.0,476.0,481.0,479.0,1436.0,Below Average,482.0,459.0,452.0,1393.0,K590,Medgar Evers College Preparatory School,"1186 CARROLL STREET BROOKLYN NY 11225 (40.66679, -73.951823)",BROOKLYN,40.66679,-73.951823
17K600,CLARA BARTON HIGH SCHOOL,259.0,425.0,413.0,413.0,1251.0,Below Average,413.0,419.0,411.0,1243.0,K600,Clara Barton High School,"901 CLASSON AVENUE BROOKLYN NY 11225 (40.669805, -73.960689)",BROOKLYN,40.669805,-73.960689
17K625,PAUL ROBESON HIGH SCHOOL,53.0,365.0,363.0,355.0,1083.0,Low,358.0,355.0,348.0,1061.0,K625,Paul Robeson High School,"150 ALBANY AVENUE BROOKLYN NY 11213 (40.675905, -73.939282)",BROOKLYN,40.675905,-73.939282
18K578,BROOKLYN BRIDGE ACADEMY,17.0,384.0,362.0,351.0,1097.0,Low,358.0,389.0,369.0,1116.0,K578,Brooklyn Bridge Academy,"6565 FLATLANDS AVENUE BROOKLYN NY 11236 (40.634451, -73.916927)",BROOKLYN,40.634451,-73.916927
18K635,OLYMPUS ACADEMY,7.0,400.0,370.0,370.0,1140.0,Low,365.0,361.0,365.0,1091.0,K635,Olympus Academy,"755 EAST 100 STREET BROOKLYN NY 11236 (40.652203, -73.886499)",BROOKLYN,40.652203,-73.886499
19K409,EAST NEW YORK FAMILY ACADEMY,54.0,416.0,432.0,394.0,1242.0,Below Average,428.0,435.0,414.0,1277.0,K409,East New York Family Academy,"2057 LINDEN BOULEVARD BROOKLYN NY 11207 (40.661104, -73.886664)",BROOKLYN,40.661104,-73.886664
19K502,FDNY HIGH SCHOOL FOR FIRE AND LIFE SAFETY,37.0,341.0,349.0,333.0,1023.0,Low,375.0,376.0,363.0,1114.0,K502,FDNY High School for Fire and Life Safety,"400 PENNSYLVANIA AVENUE BROOKLYN NY 11207 (40.666868, -73.895122)",BROOKLYN,40.666868,-73.895122
19K504,HIGH SCHOOL FOR CIVIL RIGHTS,47.0,363.0,349.0,342.0,1054.0,Low,372.0,369.0,380.0,1121.0,K504,High School for Civil Rights,"400 PENNSYLVANIA AVENUE BROOKLYN NY 11207 (40.666868, -73.895122)",BROOKLYN,40.666868,-73.895122
19K507,PERFORMING ARTS AND TECHNOLOGY HIGH SCHOOL,61.0,380.0,386.0,383.0,1149.0,Low,363.0,371.0,356.0,1090.0,K507,Performing Arts and Technology High School,"400 PENNSYLVANIA AVENUE BROOKLYN NY 11207 (40.666868, -73.895122)",BROOKLYN,40.666868,-73.895122
19K510,WORLD ACADEMY FOR TOTAL COMMUNITY HEALTH HIGH SCHOOL,68.0,371.0,365.0,370.0,1106.0,Low,371.0,370.0,376.0,1117.0,K510,World Academy for Total Community Health High Scho,"400 PENNSYLVANIA AVENUE BROOKLYN NY 11207 (40.666868, -73.895122)",BROOKLYN,40.666868,-73.895122
19K615,TRANSIT TECH CAREER AND TECHNICAL EDUCATION HIGH SCHOOL,182.0,395.0,418.0,380.0,1193.0,Low,419.0,413.0,403.0,1235.0,K615,Transit Tech Career and Technical Education High S,"1 WELLS STREET BROOKLYN NY 11208 (40.67878, -73.875328)",BROOKLYN,40.67878,-73.875328
19K659,CYPRESS HILLS COLLEGIATE PREPARATORY SCHOOL,51.0,376.0,385.0,368.0,1129.0,Low,402.0,398.0,378.0,1178.0,K659,Cypress Hills Collegiate Preparatory School,"999 JAMAICA AVENUE BROOKLYN NY 11208 (40.693002, -73.869305)",BROOKLYN,40.693002,-73.869305
19K660,W. H. MAXWELL CAREER AND TECHNICAL EDUCATION HIGH SCHOOL,74.0,370.0,369.0,363.0,1102.0,Low,367.0,355.0,355.0,1077.0,K660,W. H. Maxwell Career and Technical Education High,"145 PENNSYLVANIA AVENUE BROOKLYN NY 11207 (40.673766, -73.895976)",BROOKLYN,40.673766,-73.895976
20K445,NEW UTRECHT HIGH SCHOOL,456.0,402.0,471.0,399.0,1272.0,Below Average,471.0,409.0,407.0,1287.0,K445,New Utrecht High School,"1601 80 STREET BROOKLYN NY 11214 (40.613041, -74.002308)",BROOKLYN,40.613041,-74.002308
20K485,HIGH SCHOOL OF TELECOMMUNICATION ARTS AND TECHNOLOGY,238.0,425.0,474.0,424.0,1323.0,Below Average,471.0,450.0,440.0,1361.0,K485,High School of  Telecommunication Arts and Technol,"350 67 STREET BROOKLYN NY 11220 (40.636721, -74.023419)",BROOKLYN,40.636721,-74.023419
20K490,FORT HAMILTON HIGH SCHOOL,694.0,417.0,478.0,411.0,1306.0,Below Average,486.0,416.0,409.0,1311.0,K490,Fort Hamilton High School,"8301 SHORE ROAD BROOKLYN NY 11209 (40.626827, -74.038103)",BROOKLYN,40.626827,-74.038103
20K505,FRANKLIN DELANO ROOSEVELT HIGH SCHOOL,385.0,383.0,486.0,375.0,1244.0,Below Average,492.0,387.0,377.0,1256.0,K505,Franklin Delano Roosevelt High School,"5800 20 AVENUE BROOKLYN NY 11204 (40.621299, -73.982583)",BROOKLYN,40.621299,-73.982583
20K658,FRANKLIN DELANO ROOSEVELT YABC,18.0,338.0,477.0,316.0,1131.0,Low,443.0,363.0,369.0,1175.0,K658,,,,,
21K337,INTERNATIONAL HIGH SCHOOL AT LAFAYETTE,54.0,326.0,386.0,314.0,1026.0,Low,395.0,355.0,355.0,1105.0,K337,International High School at Lafayette,"2630 BENSON AVENUE BROOKLYN NY 11214 (40.593028, -73.986313)",BROOKLYN,40.593028,-73.986313
21K344,RACHEL CARSON HIGH SCHOOL FOR COASTAL STUDIES,54.0,402.0,427.0,408.0,1237.0,Below Average,459.0,422.0,418.0,1299.0,K344,Rachel Carson High School for Coastal Studies,"521 WEST AVENUE BROOKLYN NY 11224 (40.582518, -73.972009)",BROOKLYN,40.582518,-73.972009
21K348,HIGH SCHOOL OF SPORTS MANAGEMENT,39.0,388.0,398.0,378.0,1164.0,Low,427.0,370.0,381.0,1178.0,K348,High School of Sports Management,"2630 BENSON AVENUE BROOKLYN NY 11214 (40.593028, -73.986313)",BROOKLYN,40.593028,-73.986313
21K410,ABRAHAM LINCOLN HIGH SCHOOL,475.0,396.0,437.0,393.0,1226.0,Below Average,429.0,386.0,385.0,1200.0,K410,Abraham Lincoln High School,"2800 OCEAN PARKWAY BROOKLYN NY 11235 (40.582627, -73.968733)",BROOKLYN,40.582627,-73.968733
21K525,EDWARD R. MURROW HIGH SCHOOL,727.0,468.0,496.0,467.0,1431.0,Below Average,503.0,472.0,468.0,1443.0,K525,Edward R. Murrow High School,"1600 AVENUE L BROOKLYN NY 11230 (40.619671, -73.959141)",BROOKLYN,40.619671,-73.959141
21K540,JOHN DEWEY HIGH SCHOOL,448.0,404.0,468.0,390.0,1262.0,Below Average,465.0,414.0,396.0,1275.0,K540,John Dewey High School,"50 AVENUE X BROOKLYN NY 11223 (40.58807, -73.981925)",BROOKLYN,40.58807,-73.981925
21K620,WILLIAM E. GRADY CAREER AND TECHNICAL EDUCATION HIGH SCHOOL,95.0,394.0,414.0,376.0,1184.0,Low,393.0,385.0,361.0,1139.0,K620,William E. Grady Career and Technical Education Hi,"25 BRIGHTON 4TH ROAD BROOKLYN NY 11235 (40.583263, -73.963764)",BROOKLYN,40.583263,-73.963764
21K690,BROOKLYN STUDIO SECONDARY SCHOOL,119.0,429.0,449.0,435.0,1313.0,Below Average,419.0,426.0,418.0,1263.0,K690,Brooklyn Studio Secondary School,"8310 21ST AVENUE BROOKLYN NY 11214 (40.60498, -73.995084)",BROOKLYN,40.60498,-73.995084
21K728,LIBERATION DIPLOMA PLUS,10.0,411.0,369.0,373.0,1153.0,Low,351.0,402.0,380.0,1133.0,K728,Liberation Diploma Plus,"2865 WEST 19TH STREET BROOKLYN NY 11224 (40.576976, -73.985413)",BROOKLYN,40.576976,-73.985413
22K405,MIDWOOD HIGH SCHOOL,824.0,478.0,519.0,476.0,1473.0,Below Average,543.0,493.0,491.0,1527.0,K405,Midwood High School,"2839 BEDFORD AVENUE BROOKLYN NY 11210 (40.632829, -73.952356)",BROOKLYN,40.632829,-73.952356
22K425,JAMES MADISON HIGH SCHOOL,518.0,436.0,475.0,439.0,1350.0,Below Average,478.0,449.0,445.0,1372.0,K425,James Madison High School,"3787 BEDFORD AVENUE BROOKLYN NY 11229 (40.610499, -73.947661)",BROOKLYN,40.610499,-73.947661
22K495,SHEEPSHEAD BAY HIGH SCHOOL,236.0,383.0,392.0,370.0,1145.0,Low,416.0,380.0,380.0,1176.0,K495,Sheepshead Bay High School,"3000 AVENUE X BROOKLYN NY 11235 (40.593157, -73.936635)",BROOKLYN,40.593157,-73.936635
22K535,LEON M. GOLDSTEIN HIGH SCHOOL FOR THE SCIENCES,259.0,524.0,561.0,542.0,1627.0,Average,578.0,543.0,559.0,1680.0,K535,Leon M. Goldstein High School for the Sciences,"1830 SHORE BOULEVARD BROOKLYN NY 11235 (40.578356, -73.934449)",BROOKLYN,40.578356,-73.934449
22K555,BROOKLYN COLLEGE ACADEMY,131.0,456.0,456.0,440.0,1352.0,Below Average,460.0,459.0,446.0,1365.0,K555,Brooklyn College Academy,"350 CONEY ISLAND AVENUE BROOKLYN NY 11218 (40.649055, -73.972312)",BROOKLYN,40.649055,-73.972312
23K493,BROOKLYN COLLEGIATE: A COLLEGE BOARD SCHOOL,60.0,389.0,409.0,387.0,1185.0,Low,372.0,394.0,375.0,1141.0,K493,Brooklyn Collegiate: A College Board School,"2021 BERGEN STREET BROOKLYN NY 11233 (40.674456, -73.912685)",BROOKLYN,40.674456,-73.912685
23K514,FREDERICK DOUGLASS ACADEMY VII HIGH SCHOOL,55.0,361.0,371.0,359.0,1091.0,Low,396.0,416.0,414.0,1226.0,K514,Frederick Douglass Academy VII High School,"226 BRISTOL STREET BROOKLYN NY 11212 (40.665568, -73.912102)",BROOKLYN,40.665568,-73.912102
23K643,BROOKLYN DEMOCRACY ACADEMY,11.0,349.0,338.0,331.0,1018.0,Low,371.0,347.0,323.0,1041.0,K643,Brooklyn Democracy Academy,"985 ROCKAWAY AVENUE BROOKLYN NY 11212 (40.655644, -73.906662)",BROOKLYN,40.655644,-73.906662
23K646,ASPIRATIONS DIPLOMA PLUS HIGH SCHOOL,7.0,311.0,371.0,311.0,993.0,Low,329.0,349.0,341.0,1019.0,K646,Aspirations Diploma Plus High School,"1495 HERKIMER STREET BROOKLYN NY 11233 (40.677528, -73.904143)",BROOKLYN,40.677528,-73.904143
23K647,METROPOLITAN DIPLOMA PLUS HIGH SCHOOL,17.0,350.0,346.0,332.0,1028.0,Low,378.0,385.0,391.0,1154.0,K647,Metropolitan Diploma Plus High School,"985 ROCKAWAY AVENUE BROOKLYN NY 11212 (40.655644, -73.906662)",BROOKLYN,40.655644,-73.906662
23K697,TEACHERS PREPARATORY HIGH SCHOOL,69.0,392.0,416.0,388.0,1196.0,Low,389.0,396.0,389.0,1174.0,K697,Teachers Preparatory High School,"226 BRISTOL STREET BROOKLYN NY 11212 (40.665568, -73.912102)",BROOKLYN,40.665568,-73.912102
24Q264,ACADEMY OF FINANCE AND ENTERPRISE,89.0,405.0,454.0,421.0,1280.0,Below Average,432.0,407.0,417.0,1256.0,Q264,Academy of Finance and  Enterprise,"30-20 THOMSON AVENUE QUEENS NY 11101 (40.744175, -73.937004)",QUEENS,40.744175,-73.937004
24Q267,HIGH SCHOOL OF APPLIED COMMUNICATION,39.0,406.0,413.0,400.0,1219.0,Below Average,420.0,411.0,407.0,1238.0,Q267,High School of Applied Communication,"30-20 THOMSON AVENUE QUEENS NY 11101 (40.744175, -73.937004)",QUEENS,40.744175,-73.937004
24Q299,BARD HIGH SCHOOL EARLY COLLEGE II,155.0,545.0,568.0,550.0,1663.0,Average,548.0,545.0,541.0,1634.0,Q299,Bard High School Early College Queens,"30-20 THOMSON AVENUE QUEENS NY 11101 (40.744175, -73.937004)",QUEENS,40.744175,-73.937004
24Q455,NEWTOWN HIGH SCHOOL,320.0,383.0,440.0,380.0,1203.0,Below Average,427.0,379.0,372.0,1178.0,Q455,Newtown High School,"48-01 90 STREET QUEENS NY 11373 (40.740824, -73.874129)",QUEENS,40.740824,-73.874129
24Q485,GROVER CLEVELAND HIGH SCHOOL,241.0,395.0,420.0,396.0,1211.0,Below Average,431.0,398.0,391.0,1220.0,Q485,Grover Cleveland High School,"21-27 HIMROD STREET QUEENS NY 11385 (40.711881, -73.909202)",QUEENS,40.711881,-73.909202
24Q520,MIDDLE COLLEGE HIGH SCHOOL AT LAGUARDIA COMMUNITY COLLEGE,58.0,399.0,393.0,385.0,1177.0,Low,402.0,386.0,373.0,1161.0,Q520,Middle College High School at LaGuardia Community,"45-35 VAN DAM STREET QUEENS NY 11101 (40.743253, -73.933316)",QUEENS,40.743253,-73.933316
24Q530,INTERNATIONAL HIGH SCHOOL AT LAGUARDIA COMMUNITY COLLEGE,69.0,326.0,409.0,329.0,1064.0,Low,428.0,355.0,359.0,1142.0,Q530,International High School at LaGuardia Community C,"45-35 VAN DAM STREET QUEENS NY 11101 (40.743253, -73.933316)",QUEENS,40.743253,-73.933316
24Q550,HIGH SCHOOL FOR ARTS AND BUSINESS,138.0,391.0,403.0,380.0,1174.0,Low,372.0,363.0,363.0,1098.0,Q550,High School for Arts and Business,"105-25 HORACE HARDING EXPY N QUEENS NY 11368 (40.737673, -73.853412)",QUEENS,40.737673,-73.853412
24Q560,"ROBERT F. WAGNER, JR. SECONDARY SCHOOL FOR ARTS AND TECHNOLOGY",80.0,443.0,447.0,440.0,1330.0,Below Average,440.0,420.0,421.0,1281.0,Q560,"Robert F. Wagner, Jr. Secondary School for Arts an","47-07 30 PLACE QUEENS NY 11101 (40.742217, -73.936442)",QUEENS,40.742217,-73.936442
24Q600,QUEENS VOCATIONAL AND TECHNICAL HIGH SCHOOL,155.0,417.0,447.0,406.0,1270.0,Below Average,428.0,415.0,401.0,1244.0,Q600,Queens Vocational and Technical High School,"37-02 47 AVENUE QUEENS NY 11101 (40.741658, -73.927995)",QUEENS,40.741658,-73.927995
24Q610,AVIATION CAREER & TECHNICAL EDUCATION HIGH SCHOOL,396.0,445.0,496.0,423.0,1364.0,Below Average,494.0,444.0,427.0,1365.0,Q610,Aviation Career & Technical Education High School,"45-30 36 STREET QUEENS NY 11101 (40.743309, -73.929577)",QUEENS,40.743309,-73.929577
25Q263,FLUSHING INTERNATIONAL HIGH SCHOOL,45.0,314.0,417.0,318.0,1049.0,Low,415.0,325.0,311.0,1051.0,Q263,Flushing International High School,"144-80 BARCLAY AVENUE QUEENS NY 11355 (40.759963, -73.818399)",QUEENS,40.759963,-73.818399
25Q281,EASTsWEST SCHOOL OF INTERNATIONAL STUDIES,59.0,416.0,463.0,392.0,1271.0,Below Average,485.0,438.0,442.0,1365.0,Q281,East-West School of International Studies,"46-21 COLDEN STREET QUEENS NY 11355 (40.74943, -73.821402)",QUEENS,40.74943,-73.821402
25Q285,WORLD JOURNALISM PREPARATORY: A COLLEGE BOARD SCHOOL,63.0,471.0,489.0,481.0,1441.0,Below Average,425.0,429.0,421.0,1275.0,Q285,World Journalism Preparatory: A College Board Scho,"34-65 192 STREET QUEENS NY 11358 (40.764884, -73.789365)",QUEENS,40.764884,-73.789365
25Q425,JOHN BOWNE HIGH SCHOOL,558.0,397.0,451.0,395.0,1243.0,Below Average,423.0,391.0,389.0,1203.0,Q425,John Bowne High School,"63-25 MAIN STREET QUEENS NY 11367 (40.737448, -73.823841)",QUEENS,40.737448,-73.823841
25Q460,FLUSHING HIGH SCHOOL,347.0,393.0,441.0,382.0,1216.0,Below Average,398.0,372.0,366.0,1136.0,Q460,Flushing High School,"35-01 UNION STREET QUEENS NY 11354 (40.764892, -73.826811)",QUEENS,40.764892,-73.826811
25Q525,TOWNSEND HARRIS HIGH SCHOOL,278.0,621.0,651.0,638.0,1910.0,Average,644.0,637.0,642.0,1923.0,Q525,Townsend Harris High School,"149-11 MELBOURNE AVENUE QUEENS NY 11367 (40.737038, -73.821532)",QUEENS,40.737038,-73.821532
25Q540,QUEENS ACADEMY HIGH SCHOOL,17.0,398.0,382.0,388.0,1168.0,Low,395.0,400.0,391.0,1186.0,Q540,Queens Academy High School,"138-11 35 AVENUE QUEENS NY 11354 (40.765624, -73.828279)",QUEENS,40.765624,-73.828279
25Q670,ROBERT F. KENNEDY COMMUNITY HIGH SCHOOL,99.0,431.0,458.0,441.0,1330.0,Below Average,471.0,449.0,462.0,1382.0,Q670,Robert F. Kennedy Community High School,"75-40 PARSONS BOULEVARD QUEENS NY 11366 (40.72528, -73.811408)",QUEENS,40.72528,-73.811408
25Q792,NORTH QUEENS COMMUNITY HIGH SCHOOL,7.0,379.0,421.0,377.0,1177.0,Low,422.0,434.0,422.0,1278.0,Q792,North Queens Community High School,"141-25 77TH ROAD QUEENS NY 11367 (40.720586, -73.819664)",QUEENS,40.720586,-73.819664
26Q415,BENJAMIN N. CARDOZO HIGH SCHOOL,888.0,480.0,545.0,489.0,1514.0,Below Average,551.0,486.0,492.0,1529.0,Q415,Benjamin N. Cardozo High School,"57-00 223RD STREET QUEENS NY 11364 (40.752343, -73.757271)",QUEENS,40.752343,-73.757271
26Q430,FRANCIS LEWIS HIGH SCHOOL,934.0,468.0,539.0,467.0,1474.0,Below Average,530.0,457.0,454.0,1441.0,Q430,Francis Lewis High School,"58-20 UTOPIA PARKWAY QUEENS NY 11365 (40.740875, -73.795049)",QUEENS,40.740875,-73.795049
26Q435,MARTIN VAN BUREN HIGH SCHOOL,334.0,391.0,397.0,384.0,1172.0,Low,411.0,402.0,398.0,1211.0,Q435,Martin Van Buren High School,"230-17 HILLSIDE AVENUE QUEENS NY 11427 (40.733888, -73.739726)",QUEENS,40.733888,-73.739726
26Q495,BAYSIDE HIGH SCHOOL,708.0,462.0,523.0,464.0,1449.0,Below Average,531.0,472.0,467.0,1470.0,Q495,Bayside High School,"32-24 CORPORAL KENNEDY STREET QUEENS NY 11361 (40.771398, -73.781041)",QUEENS,40.771398,-73.781041
26Q566,"QUEENS HIGH SCHOOL OF TEACHING, LIBERAL ARTS AND THE SCIENCES",175.0,425.0,434.0,420.0,1279.0,Below Average,455.0,438.0,433.0,1326.0,Q566,"Queens High School of Teaching, Liberal Arts and t","74-20 COMMONWEALTH BLVD QUEENS NY 11426 (40.744197, -73.728834)",QUEENS,40.744197,-73.728834
27Q260,FREDERICK DOUGLASS ACADEMY VI HIGH SCHOOL,87.0,387.0,385.0,373.0,1145.0,Low,390.0,393.0,387.0,1170.0,Q260,Frederick Douglass Academy VI High School,"8-21 BAY 25 STREET QUEENS NY 11691 (40.601537, -73.763995)",QUEENS,40.601537,-73.763995
27Q262,CHANNEL VIEW SCHOOL FOR RESEARCH,74.0,432.0,419.0,401.0,1252.0,Below Average,423.0,455.0,420.0,1298.0,Q262,Channel View School for Research,"100-00 BEACH CHANNEL DRIVE QUEENS NY 11694 (40.586012, -73.825317)",QUEENS,40.586012,-73.825317
27Q400,AUGUST MARTIN HIGH SCHOOL,101.0,377.0,371.0,360.0,1108.0,Low,372.0,377.0,362.0,1111.0,Q400,August Martin High School,"156-10 BAISLEY BOULEVARD QUEENS NY 11434 (40.673949, -73.782684)",QUEENS,40.673949,-73.782684
27Q410,BEACH CHANNEL HIGH SCHOOL,78.0,384.0,396.0,354.0,1134.0,Low,390.0,393.0,380.0,1163.0,Q410,Beach Channel High School,"100-00 BEACH CHANNEL DRIVE QUEENS NY 11694 (40.586012, -73.825317)",QUEENS,40.586012,-73.825317
27Q475,RICHMOND HILL HIGH SCHOOL,404.0,382.0,404.0,368.0,1154.0,Low,401.0,380.0,380.0,1161.0,Q475,Richmond Hill High School,"89-30 114 STREET QUEENS NY 11418 (40.695171, -73.833815)",QUEENS,40.695171,-73.833815
27Q480,JOHN ADAMS HIGH SCHOOL,403.0,391.0,409.0,392.0,1192.0,Low,424.0,399.0,404.0,1227.0,Q480,John Adams High School,"101-01 ROCKAWAY BOULEVARD QUEENS NY 11417 (40.680065, -73.838616)",QUEENS,40.680065,-73.838616
27Q650,"HIGH SCHOOL FOR CONSTRUCTION TRADES, ENGINEERING AND ARCHITECTURE",194.0,429.0,491.0,425.0,1345.0,Below Average,464.0,421.0,424.0,1309.0,Q650,"High School for Construction Trades, Engineering a","94-06 104TH STREET QUEENS NY 11416 (40.689177, -73.841475)",QUEENS,40.689177,-73.841475
28Q338,QUEENS SATELLITE HIGH SCHOOL FOR OPPORTUNITY,6.0,403.0,408.0,367.0,1178.0,Low,351.0,346.0,338.0,1035.0,Q338,Queens Satellite High School for Opportunity,"162-02 HILLSIDE AVENUE QUEENS NY 11432 (40.708204, -73.799532)",QUEENS,40.708204,-73.799532
28Q440,FOREST HILLS HIGH SCHOOL,762.0,456.0,497.0,454.0,1407.0,Below Average,491.0,468.0,462.0,1421.0,Q440,Forest Hills High School,"67-01 110 STREET QUEENS NY 11375 (40.730017, -73.843972)",QUEENS,40.730017,-73.843972
28Q470,JAMAICA HIGH SCHOOL,90.0,342.0,368.0,353.0,1063.0,Low,400.0,393.0,391.0,1184.0,Q470,Jamaica High School,"167-01 GOTHIC DRIVE JAMAICA NY 11432 (40.714551, -73.798658)",,40.714551,-73.798658
28Q505,HILLCREST HIGH SCHOOL,462.0,395.0,413.0,386.0,1194.0,Low,400.0,385.0,385.0,1170.0,Q505,Hillcrest High School,"160-05 HIGHLAND AVENUE QUEENS NY 11432 (40.709461, -73.803001)",QUEENS,40.709461,-73.803001
28Q620,THOMAS A. EDISON CAREER AND TECHNICAL EDUCATION HIGH SCHOOL,422.0,452.0,478.0,442.0,1372.0,Below Average,490.0,455.0,439.0,1384.0,Q620,Thomas A. Edison Career and Technical Education Hi,"165-65 84 AVENUE QUEENS NY 11432 (40.716071, -73.799692)",QUEENS,40.716071,-73.799692
28Q680,QUEENS GATEWAY TO HEALTH SCIENCES SECONDARY SCHOOL,99.0,513.0,523.0,502.0,1538.0,Below Average,532.0,525.0,515.0,1572.0,Q680,Queens Gateway to Health Sciences Secondary School,"160-20 GOETHALS AVENUE QUEENS NY 11432 (40.718027, -73.805923)",QUEENS,40.718027,-73.805923
28Q687,QUEENS HIGH SCHOOL FOR THE SCIENCES AT YORK COLLEGE,121.0,612.0,660.0,596.0,1868.0,Average,650.0,613.0,612.0,1875.0,Q687,Queens High School for the Sciences at York Colleg,"94-50 159 STREET QUEENS NY 11433 (40.700884, -73.798364)",QUEENS,40.700884,-73.798364
28Q690,HIGH SCHOOL FOR LAW ENFORCEMENT AND PUBLIC SAFETY,74.0,406.0,406.0,384.0,1196.0,Low,429.0,408.0,412.0,1249.0,Q690,High School for Law Enforcement and Public Safety,"116-25 GUY R BREWER BOULEVARD QUEENS NY 11434 (40.685838, -73.783438)",QUEENS,40.685838,-73.783438
29Q248,QUEENS PREPARATORY ACADEMY,52.0,360.0,380.0,359.0,1099.0,Low,388.0,372.0,381.0,1141.0,Q248,Queens Preparatory Academy,"143-10 SPRINGFIELD BOULEVARD QUEENS NY 11413 (40.66903, -73.757744)",QUEENS,40.66903,-73.757744
29Q259,PATHWAYS COLLEGE PREPARATORY SCHOOL: A COLLEGE BOARD SCHOOL,46.0,401.0,397.0,375.0,1173.0,Low,415.0,406.0,394.0,1215.0,Q259,Pathways College Preparatory School: A College Boa,"109-89 204 STREET QUEENS NY 11412 (40.705989, -73.752885)",QUEENS,40.705989,-73.752885
29Q265,EXCELSIOR PREPARATORY HIGH SCHOOL,49.0,402.0,398.0,402.0,1202.0,Below Average,358.0,394.0,388.0,1140.0,Q265,Excelsior Preparatory High School,"143-10 SPRINGFIELD BOULEVARD QUEENS NY 11413 (40.66903, -73.757744)",QUEENS,40.66903,-73.757744
29Q272,GEORGE WASHINGTON CARVER HIGH SCHOOL FOR THE SCIENCES,59.0,436.0,427.0,424.0,1287.0,Below Average,435.0,425.0,418.0,1278.0,Q272,George Washington Carver High School for the Scien,"143-10 SPRINGFIELD BOULEVARD QUEENS NY 11413 (40.66903, -73.757744)",QUEENS,40.66903,-73.757744
29Q283,PREPARATORY ACADEMY FOR WRITERS: A COLLEGE BOARD SCHOOL,43.0,370.0,367.0,363.0,1100.0,Low,402.0,413.0,388.0,1203.0,Q283,Preparatory Academy for Writers: A College Board S,"143-10 SPRINGFIELD BOULEVARD QUEENS NY 11413 (40.66903, -73.757744)",QUEENS,40.66903,-73.757744
29Q492,"MATHEMATICS, SCIENCE RESEARCH AND TECHNOLOGY MAGNET HIGH SCHOOL",78.0,400.0,426.0,394.0,1220.0,Below Average,430.0,405.0,405.0,1240.0,Q492,"Mathematics, Science Research and Technology Magne","207- 01 116TH AVENUE QUEENS NY 11411 (40.698786, -73.74633)",QUEENS,40.698786,-73.74633
29Q494,"LAW, GOVERNMENT AND COMMUNITY SERVICE HIGH SCHOOL",52.0,385.0,377.0,377.0,1139.0,Low,412.0,406.0,391.0,1209.0,Q494,"Law, Government and Community Service High School","207- 01 116TH AVENUE QUEENS NY 11411 (40.698786, -73.74633)",QUEENS,40.698786,-73.74633
29Q496,"BUSINESS, COMPUTER APPLICATIONS & ENTREPRENEURSHIP HIGH SCHOOL",49.0,379.0,414.0,359.0,1152.0,Low,389.0,388.0,380.0,1157.0,Q496,"Business, Computer Applications & Entrepreneurship","207- 01 116TH AVENUE QUEENS NY 11411 (40.698786, -73.74633)",QUEENS,40.698786,-73.74633
29Q498,HUMANITIES & ARTS MAGNET HIGH SCHOOL,62.0,393.0,381.0,377.0,1151.0,Low,371.0,383.0,370.0,1124.0,Q498,Humanities & Arts Magnet High School,"207- 01 116TH AVENUE QUEENS NY 11411 (40.698786, -73.74633)",QUEENS,40.698786,-73.74633
30Q445,WILLIAM CULLEN BRYANT HIGH SCHOOL,395.0,414.0,449.0,412.0,1275.0,Below Average,456.0,405.0,408.0,1269.0,Q445,William Cullen Bryant High School,"48-10 31 AVENUE QUEENS NY 11103 (40.757072, -73.911165)",QUEENS,40.757072,-73.911165
30Q450,LONG ISLAND CITY HIGH SCHOOL,392.0,403.0,420.0,395.0,1218.0,Below Average,434.0,418.0,408.0,1260.0,Q450,Long Island City High School,"14-30 BROADWAY QUEENS NY 11106 (40.765881, -73.933907)",QUEENS,40.765881,-73.933907
30Q501,FRANK SINATRA SCHOOL OF THE ARTS HIGH SCHOOL,174.0,504.0,496.0,494.0,1494.0,Below Average,495.0,506.0,499.0,1500.0,Q501,Frank Sinatra School of the Arts High School,"35-12 35TH AVENUE QUEENS NY 11106 (40.756099, -73.925182)",QUEENS,40.756099,-73.925182
30Q502,INFORMATION TECHNOLOGY HIGH SCHOOL,148.0,407.0,434.0,398.0,1239.0,Below Average,452.0,440.0,424.0,1316.0,Q502,Information Technology High School,"21-16 44TH ROAD QUEENS NY 11101 (40.748502, -73.946488)",QUEENS,40.748502,-73.946488
30Q555,NEWCOMERS HIGH SCHOOL,143.0,323.0,475.0,329.0,1127.0,Low,447.0,343.0,346.0,1136.0,Q555,Newcomers High School,"28-01 41 AVENUE QUEENS NY 11101 (40.751838, -73.936592)",QUEENS,40.751838,-73.936592
30Q575,ACADEMY OF AMERICAN STUDIES,135.0,487.0,492.0,491.0,1470.0,Below Average,505.0,502.0,515.0,1522.0,Q575,Academy of American Studies,"28-04 41 AVENUE QUEENS NY 11101 (40.751144, -73.937564)",QUEENS,40.751144,-73.937564
30Q580,BACCALAUREATE SCHOOL FOR GLOBAL EDUCATION,61.0,524.0,568.0,544.0,1636.0,Average,587.0,560.0,570.0,1717.0,Q580,Baccalaureate School for Global Education,"34-12 36 AVENUE QUEENS NY 11106 (40.754975, -73.926977)",QUEENS,40.754975,-73.926977
31R080,THE MICHAEL J. PETRIDES SCHOOL,107.0,472.0,488.0,466.0,1426.0,Below Average,523.0,508.0,502.0,1533.0,R080,The Michael J. Petrides School,"715 OCEAN TERRACE STATEN ISLAND NY 10301 (40.607637, -74.105883)",STATEN ISLAND,40.607637,-74.105883
31R440,NEW DORP HIGH SCHOOL,391.0,424.0,437.0,416.0,1277.0,Below Average,446.0,431.0,434.0,1311.0,R440,New Dorp High School,"465 NEW DORP LANE STATEN ISLAND NY 10306 (40.570909, -74.105878)",STATEN ISLAND,40.570909,-74.105878
31R445,PORT RICHMOND HIGH SCHOOL,271.0,424.0,438.0,417.0,1279.0,Below Average,442.0,437.0,425.0,1304.0,R445,Port Richmond High School,"85 ST JOSEPHS AVENUE STATEN ISLAND NY 10302 (40.635562, -74.141924)",STATEN ISLAND,40.635562,-74.141924
31R450,CURTIS HIGH SCHOOL,375.0,437.0,435.0,429.0,1301.0,Below Average,441.0,439.0,430.0,1310.0,R450,Curtis High School,"105 HAMILTON AVENUE STATEN ISLAND NY 10301 (40.645436, -74.082149)",STATEN ISLAND,40.645436,-74.082149
31R455,TOTTENVILLE HIGH SCHOOL,807.0,462.0,486.0,470.0,1418.0,Below Average,482.0,459.0,467.0,1408.0,R455,Tottenville High School,"100 LUTEN AVENUE STATEN ISLAND NY 10312 (40.528152, -74.193431)",STATEN ISLAND,40.528152,-74.193431
31R460,SUSAN E. WAGNER HIGH SCHOOL,535.0,455.0,474.0,459.0,1388.0,Below Average,482.0,463.0,457.0,1402.0,R460,Susan E. Wagner High School,"1200 MANOR ROAD STATEN ISLAND NY 10314 (40.588985, -74.130819)",STATEN ISLAND,40.588985,-74.130819
31R470,CONCORD HIGH SCHOOL,10.0,466.0,455.0,414.0,1335.0,Below Average,431.0,474.0,397.0,1302.0,R470,Concord High School,"109 RHINE AVENUE STATEN ISLAND NY 10304 (40.61062, -74.087072)",STATEN ISLAND,40.61062,-74.087072
31R600,RALPH R. MCKEE CAREER AND TECHNICAL EDUCATION HIGH SCHOOL,94.0,416.0,422.0,397.0,1235.0,Below Average,429.0,411.0,386.0,1226.0,R600,Ralph R. McKee Career and Technical Education High,"290 ST MARKS PLACE STATEN ISLAND NY 10301 (40.64282, -74.079263)",STATEN ISLAND,40.64282,-74.079263
31R605,STATEN ISLAND TECHNICAL HIGH SCHOOL,227.0,635.0,682.0,636.0,1953.0,Average,673.0,638.0,617.0,1928.0,R605,Staten Island Technical High School,"485 CLAWSON STREET STATEN ISLAND NY 10306 (40.568299, -74.117086)",STATEN ISLAND,40.568299,-74.117086
32K403,ACADEMY FOR ENVIRONMENTAL LEADERSHIP,50.0,380.0,366.0,352.0,1098.0,Low,369.0,382.0,374.0,1125.0,K403,Academy for Environmental Leadership,"400 IRVING AVENUE BROOKLYN NY 11237 (40.696457, -73.911751)",BROOKLYN,40.696457,-73.911751
32K545,EBC HIGH SCHOOL FOR PUBLIC SERVICEBUSHWICK,88.0,384.0,409.0,361.0,1154.0,Low,390.0,389.0,376.0,1155.0,K545,EBC High School for Public ServiceBushwick,"1155 DEKALB AVENUE BROOKLYN NY 11221 (40.694723, -73.929315)",BROOKLYN,40.694723,-73.929315
32K549,BUSHWICK SCHOOL FOR SOCIAL JUSTICE,75.0,348.0,353.0,334.0,1035.0,Low,364.0,363.0,358.0,1085.0,K549,Bushwick School for Social Justice,"400 IRVING AVENUE BROOKLYN NY 11237 (40.696457, -73.911751)",BROOKLYN,40.696457,-73.911751
32K552,ACADEMY OF URBAN PLANNING,67.0,342.0,364.0,354.0,1060.0,Low,361.0,355.0,353.0,1069.0,K552,Academy of Urban Planning,"400 IRVING AVENUE BROOKLYN NY 11237 (40.696457, -73.911751)",BROOKLYN,40.696457,-73.911751
32K554,ALL CITY LEADERSHIP SECONDARY SCHOOL,39.0,428.0,465.0,422.0,1315.0,Below Average,420.0,394.0,395.0,1209.0,K554,All City Leadership Secondary School,"1474 GATES AVENUE BROOKLYN NY 11237 (40.6978, -73.9139)",BROOKLYN,40.6978,-73.9139
32K556,BUSHWICK LEADERS HIGH SCHOOL FOR ACADEMIC EXCELLENCE,23.0,347.0,358.0,350.0,1055.0,Low,345.0,357.0,351.0,1053.0,K556,Bushwick Leaders High School for Academic Excellen,"797 BUSHWICK AVENUE BROOKLYN NY 11221 (40.695436, -73.927349)",BROOKLYN,40.695436,-73.927349
79X490,PHOENIX ACADEMY,9.0,367.0,370.0,360.0,1097.0,Low,423.0,404.0,416.0,1243.0,X490,,,,,
